"","Layer","Participant","Start","End","Duration","Name"
"1","Turns","S1304",346.926,363.647,16.721,"T1"
"2","Turns","S1304",454.337,484.059,29.722,"T2"
"3","Turns","S1304",538.559,569.254,30.6950000000001,"T3"
"4","Turns","S1304",622.259,656.156,33.8969999999999,"T4"
"5","Brows","S1304",354.279,355.144,0.865000000000009,"gesture"
"6","Brows","S1304",355.211,356.783,1.572,"gesture"
"7","Brows","S1304",631.149,631.781,0.631999999999948,"gesture"
"8","Brows","S1304",642.666,645.416,2.75,"gesture"
"9","Brows","S1304",645.417,646.214,0.797000000000025,"gesture"
"10","Brows","S1304",653.322,653.854,0.532000000000039,"gesture"
"11","Lips","S1304",347.87,349.801,1.93099999999998,"gesture"
"12","Lips","S1304",354.893,355.759,0.866000000000042,"gesture"
"13","Lips","S1304",359.287,362.987,3.70000000000005,"gesture"
"14","Lips","S1304",363.126,363.558,0.432000000000016,"gesture"
"15","Lips","S1304",472.484,473.42,0.936000000000035,"gesture"
"16","Lips","S1304",477.8,483.068,5.26799999999997,"gesture"
"17","Lips","S1304",483.302,484.035,0.733000000000004,"gesture"
"18","Lips","S1304",539.798,541.473,1.67499999999995,"gesture"
"19","Lips","S1304",541.838,543.465,1.62700000000007,"gesture"
"20","Lips","S1304",545.351,548.32,2.96900000000005,"gesture"
"21","Lips","S1304",548.32,550.819,2.49899999999991,"gesture"
"22","Lips","S1304",553.428,555.49,2.06200000000001,"gesture"
"23","Lips","S1304",557.741,558.54,0.798999999999978,"gesture"
"24","Lips","S1304",558.54,564.494,5.95400000000006,"gesture"
"25","Lips","S1304",565.661,568.402,2.7410000000001,"gesture"
"26","Lips","S1304",623.048,627.303,4.255,"gesture"
"27","Lips","S1304",631.295,635.796,4.50100000000009,"gesture"
"28","Lips","S1304",635.962,643.636,7.67399999999998,"gesture"
"29","Lips","S1304",646.403,651.201,4.798,"gesture"
"30","Lips","S1304",654.337,658.126,3.78899999999999,"gesture"
"31","Head","S1304",355.114,355.846,0.732000000000028,"gesture"
"32","Head","S1304",356.146,356.788,0.641999999999996,"gesture"
"33","Head","S1304",360.768,361.433,0.66500000000002,"gesture"
"34","Head","S1304",474.853,476.119,1.26600000000002,"gesture"
"35","Head","S1304",477.906,478.305,0.399000000000001,"gesture"
"36","Head","S1304",479.81,481.754,1.94400000000002,"gesture"
"37","Head","S1304",541.223,541.49,0.267000000000053,"gesture"
"38","Head","S1304",544.046,544.779,0.732999999999947,"gesture"
"39","Head","S1304",551.953,552.718,0.764999999999986,"gesture"
"40","Head","S1304",553.887,554.52,0.633000000000038,"gesture"
"41","Head","S1304",555.863,556.219,0.355999999999995,"gesture"
"42","Head","S1304",559.37,559.802,0.432000000000016,"gesture"
"43","Head","S1304",560.227,560.726,0.499000000000024,"gesture"
"44","Head","S1304",564.992,565.391,0.399000000000001,"gesture"
"45","Head","S1304",626.056,626.716,0.659999999999968,"gesture"
"46","Head","S1304",628.922,629.254,0.331999999999994,"gesture"
"47","Head","S1304",630.461,631.594,1.13300000000004,"gesture"
"48","Head","S1304",637.763,638.229,0.466000000000008,"gesture"
"49","Head","S1304",644.794,645.413,0.619000000000028,"gesture"
"50","Head","S1304",646.119,646.872,0.752999999999929,"gesture"
"51","Head","S1304",651.485,653.051,1.56600000000003,"gesture"
"52","Head","S1304",653.217,654.875,1.65800000000002,"gesture"
"53","Body","S1304",347.106,348.468,1.36200000000002,"gesture"
"54","Body","S1304",360.246,362.267,2.02100000000002,"gesture"
"55","Body","S1304",459.899,461.706,1.80700000000002,"gesture"
"56","Body","S1304",478.499,481.696,3.197,"gesture"
"57","Body","S1304",481.988,482.994,1.00600000000003,"gesture"
"58","Body","S1304",542.007,543.316,1.30900000000008,"gesture"
"59","Body","S1304",548.442,548.989,0.547000000000025,"gesture"
"60","Body","S1304",549.44,550.308,0.867999999999938,"gesture"
"61","Body","S1304",557.87,562.98,5.11000000000001,"gesture"
"62","Body","S1304",565.125,568.399,3.274,"gesture"
"63","Body","S1304",630.354,632.516,2.16199999999992,"gesture"
"64","Body","S1304",633.261,635.992,2.73099999999999,"gesture"
"65","Body","S1304",636.225,639.323,3.09799999999996,"gesture"
"66","Body","S1304",646.89,649.68,2.78999999999996,"gesture"
"67","Body","S1304",653.381,655.117,1.73599999999999,"gesture"
"68","Body","S1304",655.417,658.143,2.726,"ps"
"69","Hands","S1304",347.354,347.715,0.36099999999999,"ps"
"70","Hands","S1304",349.594,350.396,0.802000000000021,"ps"
"71","Hands","S1304",360.199,362.834,2.63499999999999,"gesture"
"72","Hands","S1304",362.834,364.633,1.79899999999998,"gesture"
"73","Hands","S1304",455.646,457.935,2.28899999999999,"ps"
"74","Hands","S1304",465.157,466.926,1.76900000000001,"ps"
"75","Hands","S1304",478.519,483.4,4.88099999999997,"ps"
"76","Hands","S1304",539.813,541.176,1.36300000000006,"ps"
"77","Hands","S1304",560.732,562.519,1.78700000000003,"ps"
"78","Hands","S1304",565.945,568.606,2.66099999999994,"ps"
"79","Hands","S1304",622.615,624.347,1.73199999999997,"ps"
"80","Hands","S1304",630.01,631.608,1.59799999999996,"ps"
"81","Hands","S1304",633.304,635.396,2.09199999999998,"ps"
"82","Hands","S1304",647.571,648.669,1.09799999999996,"ps"
"83","Hands","S1304",653.409,654.131,0.72199999999998,"gesture"
"84","Hands","S1304",654.164,655.197,1.03300000000002,"gesture"
"85","Hands","S1304",655.263,656.329,1.06599999999992,"ps"
"86","Legs","S1304",478.689,480.12,1.43099999999998,"gesture"
"87","Legs","S1304",481.523,482.723,1.19999999999999,"gesture"
"88","Legs","S1304",566.938,568.369,1.43100000000004,"gesture"
"89","Legs","S1304",653.402,653.768,0.365999999999985,"gesture"
"90","Legs","S1304",654.442,655.376,0.933999999999969,"gesture"
"91","Legs","S1304",655.9,657.797,1.89700000000005,"ps"
"92","Eyes","S1304",347.62,349.04,1.42000000000002,"op"
"93","Eyes","S1304",349.407,352.641,3.23400000000004,"op"
"94","Eyes","S1304",357.063,358.365,1.30200000000002,"op"
"95","Eyes","S1304",358.882,361.6,2.71800000000002,"op"
"96","Eyes","S1304",456.034,458.284,2.25,"op"
"97","Eyes","S1304",460.106,462.314,2.20800000000003,"op "
"98","Eyes","S1304",467.114,468.216,1.10200000000003,"op"
"99","Eyes","S1304",469.447,473.2,3.75299999999999,"op"
"100","Eyes","S1304",476.119,476.931,0.811999999999955,"op"
"101","Eyes","S1304",477.907,478.364,0.456999999999994,"op"
"102","Eyes","S1304",478.688,479.621,0.932999999999993,"exp"
"103","Eyes","S1304",479.742,482.757,3.01499999999999,"op"
"104","Eyes","S1304",483.725,484.158,0.432999999999993,"exp"
"105","Eyes","S1304",538.835,539.431,0.596000000000004,"op"
"106","Eyes","S1304",539.764,543.378,3.61400000000003,"op"
"107","Eyes","S1304",544.039,544.938,0.899000000000001,"op"
"108","Eyes","S1304",545.945,550.262,4.31699999999989,"op"
"109","Eyes","S1304",556.177,558.123,1.94600000000003,"op"
"110","Eyes","S1304",565.865,566.031,0.16599999999994,"op"
"111","Eyes","S1304",566.131,566.835,0.704000000000065,"exp"
"112","Eyes","S1304",568.4,568.867,0.466999999999985,"op"
"113","Eyes","S1304",569.134,569.735,0.600999999999999,"op"
"114","Eyes","S1304",622.256,633.512,11.256,"op"
"115","Eyes","S1304",634.301,635.96,1.65899999999999,"op"
"116","Eyes","S1304",636.727,637.217,0.490000000000009,"op"
"117","Eyes","S1304",637.484,639.484,2,"op"
"118","Eyes","S1304",640.498,641.495,0.996999999999957,"op"
"119","Eyes","S1304",648.356,650.84,2.48400000000004,"op"
"120","Eyes","S1304",653.434,654.277,0.843000000000075,"op"
"121","Eyes","S1304",655.406,656.223,0.817000000000007,"op"
"122","EyesOp","S1304",350.247,361.484,11.237,"op"
"123","EyesOp","S1304",469.398,478.17,8.77199999999999,"op"
"124","EyesOp","S1304",482.59,484.569,1.97900000000004,"op"
"125","EyesOp","S1304",539.913,544.622,4.70899999999995,"op"
"126","EyesOp","S1304",548.944,557.894,8.95000000000005,"op"
"127","EyesOp","S1304",561.641,562.341,0.700000000000045,"op"
"128","EyesOp","S1304",565.313,565.58,0.267000000000053,"op"
"129","EyesOp","S1304",623.65,625.135,1.48500000000001,"op"
"130","EyesOp","S1304",625.819,628.391,2.572,"op"
"131","EyesOp","S1304",632.513,639.087,6.57399999999996,"op"
"132","EyesOp","S1304",640.176,642.131,1.95499999999993,"op"
"133","EyesOp","S1304",642.608,643.842,1.23400000000004,"op"
"134","EyesOp","S1304",645.429,654.069,8.63999999999999,"op"
"135","PausesOp","S1304",346.926,348.195,1.26900000000001,"mute"
"136","PausesOp","S1304",348.195,349.09,0.894999999999982,"voiced"
"137","PausesOp","S1304",349.09,350.09,1,"mute"
"138","PausesOp","S1304",352.35,353.182,0.831999999999994,"mute"
"139","PausesOp","S1304",353.82,355,1.18000000000001,"mute"
"140","PausesOp","S1304",355.75,357.668,1.91800000000001,"mute"
"141","PausesOp","S1304",358.29,363.64,5.34999999999997,"mute"
"142","PausesOp","S1304",454.337,455.37,1.03300000000002,"mute"
"143","PausesOp","S1304",455.68,456.53,0.849999999999966,"mute"
"144","PausesOp","S1304",458.21,460.983,2.77300000000002,"mute"
"145","PausesOp","S1304",460.983,461.57,0.586999999999989,"voiced"
"146","PausesOp","S1304",462.52,466.81,4.29000000000002,"mute"
"147","PausesOp","S1304",467.17,467.65,0.479999999999961,"mute"
"148","PausesOp","S1304",467.65,468.13,0.480000000000018,"voiced"
"149","PausesOp","S1304",468.13,468.56,0.430000000000007,"mute"
"150","PausesOp","S1304",468.566,468.8,0.234000000000037,"voiced"
"151","PausesOp","S1304",469.78,470.29,0.510000000000048,"mute"
"152","PausesOp","S1304",471.58,471.81,0.230000000000018,"mute"
"153","PausesOp","S1304",474.26,476.17,1.91000000000003,"mute"
"154","PausesOp","S1304",476.38,476.58,0.199999999999989,"voiced"
"155","PausesOp","S1304",477.13,478.34,1.20999999999998,"voiced"
"156","PausesOp","S1304",478.67,480.77,2.09999999999997,"mute"
"157","PausesOp","S1304",483.13,483.38,0.25,"voiced"
"158","PausesOp","S1304",538.559,538.76,0.201000000000022,"mute"
"159","PausesOp","S1304",541.677,542.13,0.452999999999975,"mute"
"160","PausesOp","S1304",542.478,542.75,0.272000000000048,"mute"
"161","PausesOp","S1304",543.75,544.11,0.360000000000014,"mute"
"162","PausesOp","S1304",545.21,545.43,0.219999999999914,"mute"
"163","PausesOp","S1304",546.715,546.947,0.231999999999971,"mute"
"164","PausesOp","S1304",550.71,552.816,2.10599999999999,"mute"
"165","PausesOp","S1304",553.69,554.498,0.807999999999993,"mute"
"166","PausesOp","S1304",555.09,556.29,1.19999999999993,"mute"
"167","PausesOp","S1304",556.63,557.023,0.393000000000029,"mute"
"168","PausesOp","S1304",559.48,559.65,0.169999999999959,"mute"
"169","PausesOp","S1304",561.81,562.14,0.330000000000041,"mute"
"170","PausesOp","S1304",562.879,565.604,2.72500000000002,"mute"
"171","PausesOp","S1304",566.02,568.27,2.25,"mute"
"172","PausesOp","S1304",568.536,569.253,0.717000000000098,"mute"
"173","PausesOp","S1304",622.64,623.22,0.580000000000041,"mute"
"174","PausesOp","S1304",624.794,625,0.206000000000017,"mute"
"175","PausesOp","S1304",625.9,626.55,0.649999999999977,"mute"
"176","PausesOp","S1304",627.51,627.65,0.139999999999986,"mute"
"177","PausesOp","S1304",629.59,629.89,0.299999999999955,"mute"
"178","PausesOp","S1304",630.65,631.06,0.409999999999968,"mute"
"179","PausesOp","S1304",631.06,631.38,0.32000000000005,"voiced"
"180","PausesOp","S1304",633.93,634.29,0.360000000000014,"mute"
"181","PausesOp","S1304",635.9,636.9,1,"mute"
"182","PausesOp","S1304",637.165,637.41,0.245000000000005,"mute"
"183","PausesOp","S1304",638.35,638.743,0.393000000000029,"mute"
"184","PausesOp","S1304",640.19,640.36,0.169999999999959,"mute"
"185","PausesOp","S1304",643.38,645.71,2.33000000000004,"mute"
"186","PausesOp","S1304",645.9,647.62,1.72000000000003,"mute"
"187","PausesOp","S1304",651.126,654.42,3.29399999999998,"mute"
"188","PausesOp","S1304",654.56,656.15,1.59000000000003,"mute"
"189","EDUop","S1304",348.195,350.557,2.36200000000002,"(эм) тц тарелка"
"190","EDUop","S1304",350.557,352.356,1.79899999999998,"из которой едят жидкое блюдо"
"191","EDUop","S1304",353.182,353.82,0.637999999999977,"однокоренное"
"192","EDUop","S1304",355,355.75,0.75,"на эту букву"
"193","EDUop","S1304",357.668,358.29,0.622000000000014,"тарелка"
"194","EDUop","S1304",455.37,455.68,0.310000000000002,"так"
"195","EDUop","S1304",456.53,456.911,0.381000000000029,"ага"
"196","EDUop","S1304",456.911,458.21,1.29899999999998,"ну это безвластие"
"197","EDUop","S1304",460.983,462.526,1.54300000000001,"суффикс другой только"
"198","EDUop","S1304",466.81,467.17,0.360000000000014,"так"
"199","EDUop","S1304",467.65,469.78,2.13,"(м) тц (э) такая штучка"
"200","EDUop","S1304",470.29,470.95,0.659999999999968,"с дырочками"
"201","EDUop","S1304",470.95,473.36,2.41000000000003,"куда вот посып= просып= сып= сып= сыплют что-нибудь"
"202","EDUop","S1304",473.36,474.26,0.899999999999977,"и вот так вот делают"
"203","EDUop","S1304",476.17,477.13,0.95999999999998,"ма= (э) маленькое"
"204","EDUop","S1304",478.34,478.67,0.330000000000041,"мм-хм"
"205","EDUop","S1304",480.77,481.35,0.580000000000041,"я не знаю"
"206","EDUop","S1304",481.35,482.28,0.92999999999995,"ну это рыба такая"
"207","EDUop","S1304",482.28,484.09,1.81,"но я не знаю что (э) что в ней"
"208","EDUop","S1304",538.76,539.404,0.644000000000005,"то есть это"
"209","EDUop","S1304",539.404,539.9,0.495999999999981,"по-моему"
"210","EDUop","S1304",539.9,541.677,1.77700000000004,"это оп= опасная рыба такая"
"211","EDUop","S1304",542.13,543.75,1.62,"вот= она вот так вот плавает"
"212","EDUop","S1304",544.115,544.495,0.379999999999995,"и вот=="
"213","EDUop","S1304",544.495,545.21,0.715000000000032,"нет= нет нет-нет"
"214","EDUop","S1304",545.43,546.715,1.28500000000008,"и у неё первое слово=="
"215","EDUop","S1304",546.947,547.666,0.719000000000051,"первый слог=="
"216","EDUop","S1304",547.666,550.71,3.04399999999998,"точнее первая половина слова похожа на как кошечка говорит"
"217","EDUop","S1304",552.816,553.69,0.874000000000024,"как кошечка говорит"
"218","EDUop","S1304",554.498,555.09,0.591999999999985,"по-другому"
"219","EDUop","S1304",556.29,556.63,0.340000000000032,"да"
"220","EDUop","S1304",557.02,557.87,0.850000000000023,"и ещё три буквы"
"221","EDUop","S1304",557.87,559.48,1.61000000000001,"я не знаю как объяснить"
"222","EDUop","S1304",559.48,559.98,0.5,"*смех*"
"223","EDUop","S1304",559.98,561.81,1.82999999999993,"на окончание моего имени похоже"
"224","EDUop","S1304",561.81,562.879,1.06900000000007,"*смех*"
"225","EDUop","S1304",565.604,566.02,0.41599999999994,"да-да"
"226","EDUop","S1304",568.27,568.536,0.265999999999963,"так"
"227","EDUop","S1304",622.259,624.794,2.53499999999997,"кхм это такое качество когда человек"
"228","EDUop","S1304",625,625.9,0.899999999999977,"такой необычный"
"229","EDUop","S1304",626.55,627.51,0.960000000000036,"такой оригинальный"
"230","EDUop","S1304",627.65,628.565,0.915000000000077,"как-то по-другому называется"
"231","EDUop","S1304",628.565,629.59,1.02499999999998,"такое иностранное слово"
"232","EDUop","S1304",629.89,633.285,3.39499999999998,"и в середине там *кривляется*"
"233","EDUop","S1304",633.285,634.49,1.20500000000004,"*смех*"
"234","EDUop","S1304",634.49,635.9,1.40999999999997,"середина как по-другому называется"
"235","EDUop","S1304",636.9,637.165,0.264999999999986,"да"
"236","EDUop","S1304",637.41,638.35,0.940000000000055,"вот с этим корнем"
"237","EDUop","S1304",638.743,640.94,2.197,"слово обозначающее качество такое"
"238","EDUop","S1304",640.94,642.03,1.08999999999992,"оригинального человека "
"239","EDUop","S1304",642.033,642.91,0.876999999999953,"который не такой как все"
"240","EDUop","S1304",642.91,643.38,0.470000000000027,"необычный"
"241","EDUop","S1304",645.71,645.9,0.189999999999941,"н=="
"242","EDUop","S1304",647.62,649.73,2.11000000000001,"начало слова как у машины"
"243","EDUop","S1304",649.73,651.12,1.38999999999999,"которая вот загребает вот"
"244","EDUop","S1304",654.42,654.56,0.139999999999986,"да"
"245","Lips","R2405",346.303,348.036,1.733,"gesture"
"246","Lips","R2405",355.084,355.817,0.733000000000004,"gesture"
"247","Lips","R2405",357.128,359.758,2.63,"gesture"
"248","Lips","R2405",366.052,367.883,1.83099999999996,"gesture"
"249","Lips","R2405",445.569,446.201,0.632000000000005,"gesture"
"250","Lips","R2405",512.27,513.635,1.36500000000001,"gesture"
"251","Lips","R2405",516.359,522.324,5.96499999999992,"gesture"
"252","Head","R2405",352.195,352.663,0.468000000000018,"gesture"
"253","Head","R2405",357.26,358.658,1.39800000000002,"gesture"
"254","Head","R2405",358.725,359.924,1.19899999999996,"gesture"
"255","Head","R2405",359.924,364.619,4.69500000000005,"gesture"
"256","Head","R2405",365.778,366.926,1.14799999999997,"gesture"
"257","Head","R2405",367.193,368.394,1.20100000000002,"gesture"
"258","Head","R2405",432.815,433.343,0.52800000000002,"gesture"
"259","Head","R2405",443.82,445.75,1.93000000000001,"gesture"
"260","Head","R2405",446.974,447.44,0.466000000000008,"gesture"
"261","Head","R2405",449.069,450.203,1.13399999999996,"gesture"
"262","Head","R2405",450.603,451.604,1.00099999999998,"gesture"
"263","Head","R2405",504.506,507.507,3.00100000000003,"gesture"
"264","Head","R2405",514.178,517.778,3.60000000000002,"gesture"
"265","Head","R2405",517.911,520.027,2.1160000000001,"gesture"
"266","Eyes","R2405",340.545,342.229,1.68399999999997,"op"
"267","Eyes","R2405",347.525,347.795,0.270000000000039,"op"
"268","Eyes","R2405",371.023,371.764,0.740999999999985,"op"
"269","Eyes","R2405",372.263,372.796,0.533000000000015,"op"
"270","Eyes","R2405",373.01,375.672,2.66200000000003,"exp"
"271","Eyes","R2405",378.93,380.383,1.45299999999997,"exp"
"272","Eyes","R2405",382.568,383.022,0.454000000000008,"op"
"273","Eyes","R2405",385.602,387.316,1.714,"exp"
"274","Eyes","R2405",389.458,390.124,0.665999999999997,"exp"
"275","Eyes","R2405",424.798,425.497,0.699000000000012,"exp"
"276","Eyes","R2405",426.214,426.879,0.66500000000002,"op"
"277","Eyes","R2405",428.256,429.274,1.01800000000003,"op"
"278","Eyes","R2405",430.547,431.745,1.19799999999998,"op"
"279","Eyes","R2405",432.418,432.851,0.432999999999993,"op"
"280","Eyes","R2405",454.031,454.33,0.298999999999978,"op"
"281","Eyes","R2405",456.668,457.101,0.432999999999993,"op"
"282","Eyes","R2405",495.074,495.507,0.432999999999993,"op"
"283","Eyes","R2405",497.039,500.242,3.20300000000003,"op"
"284","Eyes","R2405",507.644,507.844,0.199999999999989,"op"
"285","Eyes","R2405",508.31,509.143,0.83299999999997,"op"
"286","Brows","R2405",355.326,356.059,0.733000000000004,"gesture"
"287","Brows","R2405",446.059,447.427,1.36799999999999,"gesture"
"288","Brows","R2405",509.564,511.299,1.73499999999996,"gesture"
"289","Brows","R2405",513.94,514.942,1.00199999999995,"gesture"
"290","Brows","R2405",517.998,519.301,1.303,"gesture"
"291","Hands","R2405",344.519,344.885,0.365999999999985,"ps"
"292","Hands","R2405",346.687,347.087,0.399999999999977,"ps"
"293","Hands","R2405",348.484,349.45,0.966000000000008,"ps"
"294","Hands","R2405",426.493,427.626,1.13299999999998,"ps"
"295","Hands","R2405",440.817,441.749,0.932000000000016,"gesture"
"296","Hands","R2405",448.192,449.856,1.66399999999999,"gesture"
"297","Hands","R2405",449.856,450.289,0.432999999999993,"gesture"
"298","Hands","R2405",498.333,499.198,0.864999999999952,"ps"
"299","Legs","R2405",342.334,342.5,0.165999999999997,"gesture"
"300","Legs","R2405",357.608,357.941,0.33299999999997,"gesture"
"301","Legs","R2405",426.716,427.115,0.399000000000001,"gesture"
"302","Legs","R2405",438.353,438.853,0.5,"gesture"
"303","Legs","R2405",441.862,442.228,0.365999999999985,"gesture"
"304","Legs","R2405",448.233,448.599,0.365999999999985,"gesture"
"305","Legs","R2405",501.395,501.794,0.399000000000001,"gesture"
"306","Legs","R2405",512.113,514.212,2.09899999999993,"gesture"
"307","Legs","R2405",517.658,518.79,1.13199999999995,"gesture"
"308","Body","R2405",346.785,347.118,0.33299999999997,"gesture"
"309","Body","R2405",348.599,348.897,0.298000000000002,"gesture"
"310","Body","R2405",351.083,351.471,0.387999999999977,"gesture"
"311","Body","R2405",356.071,356.438,0.366999999999962,"gesture"
"312","Body","R2405",357.714,359.058,1.34399999999999,"gesture"
"313","Body","R2405",360.22,362.869,2.649,"gesture"
"314","Body","R2405",366.757,367.59,0.83299999999997,"gesture"
"315","Body","R2405",497.677,499.454,1.77699999999999,"gesture"
"316","Body","R2405",499.788,500.156,0.367999999999995,"gesture"
"317","Body","R2405",517.217,519.152,1.93500000000006,"gesture"
"318","Turns","R2405",341.121,369.067,27.946,"T1"
"319","Turns","R2405",426.302,457.547,31.245,"T2"
"320","Turns","R2405",495.564,518.084,22.5199999999999,"T3"
"321","EyesOp","R2405",346.468,347.099,0.630999999999972,"op"
"322","EyesOp","R2405",348.197,348.888,0.690999999999974,"op"
"323","EyesOp","R2405",350.524,352.414,1.88999999999999,"op"
"324","EyesOp","R2405",353.379,355.429,2.04999999999995,"op"
"325","EyesOp","R2405",356.128,358.25,2.12200000000001,"op"
"326","EyesOp","R2405",362.389,364.516,2.12700000000001,"op"
"327","EyesOp","R2405",364.615,365.327,0.711999999999989,"exp"
"328","EyesOp","R2405",365.693,367.037,1.34399999999999,"op"
"329","EyesOp","R2405",367.341,368.806,1.46499999999997,"exp"
"330","EyesOp","R2405",368.879,369.412,0.532999999999959,"op"
"331","EyesOp","R2405",370.58,370.98,0.400000000000034,"exp"
"332","EyesOp","R2405",371.079,371.246,0.166999999999973,"op"
"333","EyesOp","R2405",372.078,372.562,0.484000000000037,"exp"
"334","EyesOp","R2405",374.327,375.375,1.048,"exp"
"335","EyesOp","R2405",378.563,381.074,2.51100000000002,"exp"
"336","EyesOp","R2405",382.252,382.852,0.599999999999966,"exp"
"337","EyesOp","R2405",383.956,384.634,0.677999999999997,"exp"
"338","EyesOp","R2405",386.061,387.382,1.32100000000003,"exp"
"339","EyesOp","R2405",389.571,389.771,0.199999999999989,"op"
"340","EyesOp","R2405",390.103,390.403,0.300000000000011,"exp"
"341","EyesOp","R2405",429.2,431.111,1.911,"op"
"342","EyesOp","R2405",432.321,432.656,0.33499999999998,"op"
"343","EyesOp","R2405",437.307,441.439,4.13200000000001,"op"
"344","EyesOp","R2405",442.546,444.638,2.09199999999998,"op"
"345","EyesOp","R2405",445.938,449.281,3.34300000000002,"op"
"346","EyesOp","R2405",450.148,450.315,0.166999999999973,"op"
"347","EyesOp","R2405",458.596,458.863,0.266999999999996,"op"
"348","EyesOp","R2405",459.662,459.728,0.0660000000000309,"op"
"349","EyesOp","R2405",460.023,460.256,0.232999999999947,"exp"
"350","EyesOp","R2405",461.081,461.28,0.198999999999955,"exp"
"351","EyesOp","R2405",494.375,494.642,0.266999999999996,"op"
"352","EyesOp","R2405",494.708,495.274,0.565999999999974,"exp"
"353","EyesOp","R2405",500.007,500.936,0.928999999999974,"op"
"354","EyesOp","R2405",501.469,501.602,0.132999999999981,"op"
"355","EyesOp","R2405",503.199,516.821,13.622,"op"
"356","PausesOp","R2405",341.121,341.731,0.610000000000014,"mute"
"357","PausesOp","R2405",341.731,342.31,0.579000000000008,"voiced"
"358","PausesOp","R2405",344.43,344.78,0.349999999999966,"mute"
"359","PausesOp","R2405",348.717,349.54,0.823000000000036,"mute"
"360","PausesOp","R2405",349.54,350.08,0.539999999999964,"voiced"
"361","PausesOp","R2405",351.299,352.41,1.11100000000005,"mute"
"362","PausesOp","R2405",353.84,354.875,1.03500000000003,"mute"
"363","PausesOp","R2405",356.88,359.134,2.25400000000002,"mute"
"364","PausesOp","R2405",359.134,359.83,0.69599999999997,"voiced"
"365","PausesOp","R2405",359.83,360.942,1.11200000000002,"mute"
"366","PausesOp","R2405",363.03,366.98,3.95000000000005,"mute"
"367","PausesOp","R2405",367.91,369.06,1.14999999999998,"mute"
"368","PausesOp","R2405",426.302,427.552,1.25,"mute"
"369","PausesOp","R2405",427.559,428.19,0.630999999999972,"voiced"
"370","PausesOp","R2405",429.87,431.69,1.81999999999999,"mute"
"371","PausesOp","R2405",432.17,432.555,0.384999999999991,"mute"
"372","PausesOp","R2405",432.752,434.266,1.51400000000001,"mute"
"373","PausesOp","R2405",435.07,435.71,0.639999999999986,"mute"
"374","PausesOp","R2405",436.09,436.46,0.370000000000005,"mute"
"375","PausesOp","R2405",436.46,436.772,0.312000000000012,"voiced"
"376","PausesOp","R2405",439.195,439.49,0.295000000000016,"mute"
"377","PausesOp","R2405",440.42,441.6,1.18000000000001,"mute"
"378","PausesOp","R2405",442.94,444.69,1.75,"mute"
"379","PausesOp","R2405",447.57,450.33,2.75999999999999,"mute"
"380","PausesOp","R2405",450.74,451.55,0.810000000000002,"mute"
"381","PausesOp","R2405",452.33,453.24,0.910000000000025,"mute"
"382","PausesOp","R2405",453.24,453.9,0.659999999999968,"voiced"
"383","PausesOp","R2405",453.9,455.5,1.60000000000002,"mute"
"384","PausesOp","R2405",455.911,456.14,0.228999999999985,"mute"
"385","PausesOp","R2405",457.035,457.54,0.504999999999995,"mute"
"386","PausesOp","R2405",495.564,496.77,1.20599999999996,"mute"
"387","PausesOp","R2405",497.163,497.93,0.766999999999996,"mute"
"388","PausesOp","R2405",497.93,498.536,0.605999999999995,"voiced"
"389","PausesOp","R2405",498.536,499.3,0.76400000000001,"mute"
"390","PausesOp","R2405",501.75,502.574,0.824000000000012,"mute"
"391","PausesOp","R2405",504.42,506.551,2.13099999999997,"mute"
"392","PausesOp","R2405",508.083,508.36,0.276999999999987,"mute"
"393","PausesOp","R2405",509.434,509.6,0.165999999999997,"mute"
"394","PausesOp","R2405",510.83,513.171,2.34100000000007,"mute"
"395","PausesOp","R2405",515.34,516.885,1.54499999999996,"mute"
"396","PausesOp","R2405",517.8,518.08,0.280000000000086,"mute"
"397","EDUop","R2405",341.731,344.43,2.69900000000001,"(ам) короче это черта личности"
"398","EDUop","R2405",344.78,345.47,0.690000000000055,"такая"
"399","EDUop","R2405",345.47,347.805,2.33499999999998,"когда человек очень активный"
"400","EDUop","R2405",347.805,348.717,0.911999999999978,"общительный"
"401","EDUop","R2405",349.54,351.299,1.75899999999996,"(а) латинское слово"
"402","EDUop","R2405",352.41,353.84,1.42999999999995,"как бы вне=="
"403","EDUop","R2405",354.875,356.88,2.005,"ну вот как приставка вне на латыни"
"404","EDUop","R2405",359.134,359.83,0.69599999999997,"(м)"
"405","EDUop","R2405",360.942,363.03,2.08799999999997,"ну как ещё называют бывшего мужа"
"406","EDUop","R2405",366.98,367.91,0.930000000000007,"*смех*"
"407","EDUop","R2405",427.559,428.81,1.25099999999998,"(а) такая рыба"
"408","EDUop","R2405",428.81,429.87,1.06,"на змею похожа"
"409","EDUop","R2405",431.69,432.17,0.480000000000018,"нет"
"410","EDUop","R2405",432.555,432.752,0.197000000000003,"да"
"411","EDUop","R2405",434.266,435.07,0.803999999999974,"прошу прощения"
"412","EDUop","R2405",435.71,436.09,0.379999999999995,"так"
"413","EDUop","R2405",436.46,437.72,1.26000000000005,"(м) для чая"
"414","EDUop","R2405",437.72,438.503,0.782999999999959,"используется"
"415","EDUop","R2405",438.503,439.195,0.692000000000007,"заварка"
"416","EDUop","R2405",439.49,440.42,0.930000000000007,"для заварки чая"
"417","EDUop","R2405",441.6,442.18,0.579999999999984,"нет"
"418","EDUop","R2405",442.18,442.94,0.759999999999991,"инструмент"
"419","EDUop","R2405",444.69,446.2,1.50999999999999,"там ещё суффикс такой есть"
"420","EDUop","R2405",446.2,447.57,1.37,"уменьшительно-ласкательный"
"421","EDUop","R2405",450.33,450.74,0.410000000000025,"да"
"422","EDUop","R2405",451.55,451.81,0.259999999999991,"так"
"423","EDUop","R2405",451.81,452.33,0.519999999999982,"щас"
"424","EDUop","R2405",453.24,453.9,0.659999999999968,"(а)"
"425","EDUop","R2405",455.5,455.911,0.411000000000001,"хм"
"426","EDUop","R2405",456.14,457.035,0.895000000000039,"короче такой=="
"427","EDUop","R2405",496.77,497.16,0.390000000000043,"так"
"428","EDUop","R2405",497.93,500.756,2.82599999999996,"(а) вот есть жидкое блюдо"
"429","EDUop","R2405",500.756,500.97,0.214000000000055,"да"
"430","EDUop","R2405",500.979,501.75,0.771000000000015,"обеденное"
"431","EDUop","R2405",502.588,504.42,1.83199999999999,"и для него посуда как называется"
"432","EDUop","R2405",506.552,508.083,1.53100000000001,"я не случайно не назвала "
"433","EDUop","R2405",508.36,509.434,1.07400000000001,"это слово само "
"434","EDUop","R2405",509.6,510.83,1.22999999999996,"название жидкого блюда"
"435","EDUop","R2405",513.171,514.65,1.47899999999993,"но там одно слово"
"436","EDUop","R2405",514.65,515.34,0.690000000000055,"вместе"
"437","EDUop","R2405",516.888,517.32,0.432000000000016,"да"
"438","EDUop","R2405",517.32,517.8,0.479999999999905,"это оно"
"439","Turns","N0106",401.213,414.848,13.635,"T1"
"440","Turns","N0106",460.892,492.719,31.827,"T2"
"441","Turns","N0106",556.38,588.237,31.857,"T3"
"442","Turns","N0106",691.655,722.283,30.628,"T4"
"443","Turns","N0106",773.357,804.642,31.2850000000001,"T5"
"444","Turns","N0106",865.049,873.684,8.63499999999999,"T6"
"445","Brows","N0106",464.873,465.253,0.379999999999995,"gesture"
"446","Brows","N0106",465.719,466.118,0.399000000000001,"gesture"
"447","Brows","N0106",472.476,473.408,0.932000000000016,"gesture"
"448","Brows","N0106",473.474,474.379,0.90500000000003,"gesture"
"449","Brows","N0106",483.436,483.967,0.531000000000006,"gesture"
"450","Brows","N0106",484.133,484.533,0.400000000000034,"gesture"
"451","Brows","N0106",487.369,488.1,0.730999999999995,"gesture"
"452","Brows","N0106",563.377,564.567,1.19000000000005,"gesture"
"453","Brows","N0106",564.567,565.254,0.687000000000012,"gesture"
"454","Brows","N0106",566.629,567.061,0.432000000000016,"gesture"
"455","Brows","N0106",575.597,576.125,0.52800000000002,"gesture"
"456","Brows","N0106",579.385,580.657,1.27200000000005,"gesture"
"457","Brows","N0106",580.657,580.923,0.265999999999963,"gesture"
"458","Brows","N0106",580.923,581.256,0.33299999999997,"gesture"
"459","Brows","N0106",581.389,582.153,0.76400000000001,"gesture"
"460","Brows","N0106",697.675,698.362,0.687000000000012,"gesture"
"461","Brows","N0106",707.995,708.494,0.499000000000024,"gesture"
"462","Brows","N0106",711.385,711.884,0.499000000000024,"gesture"
"463","Brows","N0106",713.326,714.092,0.765999999999963,"gesture"
"464","Brows","N0106",773.4,774.274,0.874000000000024,"gesture"
"465","Brows","N0106",779.197,779.397,0.200000000000045,"gesture"
"466","Brows","N0106",780.363,780.969,0.605999999999995,"gesture"
"467","Brows","N0106",787.501,788.011,0.509999999999991,"gesture"
"468","Brows","N0106",791.791,792.259,0.467999999999961,"gesture"
"469","Brows","N0106",793.228,793.861,0.633000000000038,"gesture"
"470","Brows","N0106",794.395,794.827,0.432000000000016,"gesture"
"471","Brows","N0106",797.027,797.693,0.66599999999994,"gesture"
"472","Brows","N0106",797.693,797.926,0.233000000000061,"gesture"
"473","Brows","N0106",798.251,798.544,0.293000000000006,"gesture"
"474","Brows","N0106",872.352,872.885,0.533000000000015,"gesture"
"475","Lips","N0106",400.613,403.218,2.60500000000002,"gesture"
"476","Lips","N0106",407.348,413.684,6.33600000000001,"gesture"
"477","Lips","N0106",413.684,415.992,2.30799999999999,"gesture"
"478","Lips","N0106",463.942,465.666,1.72399999999999,"gesture"
"479","Lips","N0106",465.666,466.322,0.656000000000006,"gesture"
"480","Lips","N0106",471.268,472.313,1.04500000000002,"gesture"
"481","Lips","N0106",472.313,473.578,1.26499999999999,"gesture"
"482","Lips","N0106",473.578,474.222,0.644000000000005,"gesture"
"483","Lips","N0106",474.963,477.654,2.69099999999997,"gesture"
"484","Lips","N0106",482.532,483.512,0.980000000000018,"gesture"
"485","Lips","N0106",483.512,484.151,0.63900000000001,"gesture"
"486","Lips","N0106",485.067,485.566,0.498999999999967,"gesture"
"487","Lips","N0106",487.615,487.909,0.293999999999983,"gesture"
"488","Lips","N0106",562.284,563.217,0.932999999999993,"gesture"
"489","Lips","N0106",563.516,564.542,1.02600000000007,"gesture"
"490","Lips","N0106",567.429,574.509,7.08000000000004,"gesture"
"491","Lips","N0106",575.962,579.555,3.59299999999996,"gesture"
"492","Lips","N0106",580.889,581.273,0.384000000000015,"gesture"
"493","Lips","N0106",581.452,581.785,0.33299999999997,"gesture"
"494","Lips","N0106",581.884,584.149,2.26499999999999,"gesture"
"495","Lips","N0106",585.481,586.477,0.995999999999981,"gesture"
"496","Lips","N0106",694.438,697.228,2.78999999999996,"gesture"
"497","Lips","N0106",698.881,700.483,1.60199999999998,"gesture"
"498","Lips","N0106",701.314,701.79,0.475999999999999,"gesture"
"499","Lips","N0106",706.28,707.817,1.53700000000003,"gesture"
"500","Lips","N0106",708.483,709.947,1.46400000000006,"gesture"
"501","Lips","N0106",709.947,711.026,1.07899999999995,"gesture"
"502","Lips","N0106",713.845,717.432,3.58699999999999,"gesture"
"503","Lips","N0106",717.432,720.648,3.21600000000001,"gesture"
"504","Lips","N0106",791.782,793.123,1.34100000000001,"gesture"
"505","Lips","N0106",793.454,795.65,2.19600000000003,"gesture"
"506","Lips","N0106",795.65,796.79,1.13999999999999,"gesture"
"507","Lips","N0106",797.936,798.272,0.336000000000013,"gesture"
"508","Lips","N0106",798.272,798.559,0.286999999999921,"gesture"
"509","Lips","N0106",798.825,799.825,1,"gesture"
"510","Lips","N0106",868.019,868.657,0.638000000000034,"gesture"
"511","Lips","N0106",871.041,871.927,0.885999999999967,"gesture"
"512","Head","N0106",403.395,403.962,0.567000000000007,"gesture"
"513","Head","N0106",413.478,413.778,0.300000000000011,"gesture"
"514","Head","N0106",463.636,465.001,1.36499999999995,"gesture"
"515","Head","N0106",466.498,468.124,1.62600000000003,"gesture"
"516","Head","N0106",468.124,469.632,1.50799999999998,"gesture"
"517","Head","N0106",471.015,471.887,0.872000000000014,"gesture"
"518","Head","N0106",472.586,473.485,0.899000000000001,"gesture"
"519","Head","N0106",473.551,475.381,1.82999999999998,"gesture"
"520","Head","N0106",475.381,475.989,0.608000000000004,"gesture"
"521","Head","N0106",475.989,477.701,1.71200000000005,"gesture"
"522","Head","N0106",483.732,483.931,0.198999999999955,"gesture"
"523","Head","N0106",484.264,484.79,0.52600000000001,"gesture"
"524","Head","N0106",485.115,485.496,0.380999999999972,"gesture"
"525","Head","N0106",485.496,486.128,0.632000000000005,"gesture"
"526","Head","N0106",486.128,486.694,0.566000000000031,"gesture"
"527","Head","N0106",486.827,488.054,1.22699999999998,"gesture"
"528","Head","N0106",488.22,488.819,0.59899999999999,"gesture"
"529","Head","N0106",488.819,491.033,2.214,"gesture"
"530","Head","N0106",491.598,492.331,0.733000000000004,"gesture"
"531","Head","N0106",492.364,493.096,0.732000000000028,"gesture"
"532","Head","N0106",558.173,559.042,0.869000000000028,"gesture"
"533","Head","N0106",559.042,561.065,2.02300000000002,"gesture"
"534","Head","N0106",561.065,562.933,1.86799999999994,"gesture"
"535","Head","N0106",563.665,564.521,0.855999999999995,"gesture"
"536","Head","N0106",564.521,565.22,0.699000000000069,"gesture"
"537","Head","N0106",566.659,567.035,0.375999999999976,"gesture"
"538","Head","N0106",567.268,567.734,0.466000000000008,"gesture"
"539","Head","N0106",575.605,577.336,1.73099999999999,"gesture"
"540","Head","N0106",577.336,578.716,1.38,"gesture"
"541","Head","N0106",579.723,580.056,0.333000000000084,"gesture"
"542","Head","N0106",581.473,581.939,0.466000000000008,"gesture"
"543","Head","N0106",694.291,694.753,0.461999999999989,"gesture"
"544","Head","N0106",697.124,697.689,0.564999999999941,"gesture"
"545","Head","N0106",697.689,697.998,0.309000000000083,"gesture"
"546","Head","N0106",697.998,698.465,0.466999999999985,"gesture"
"547","Head","N0106",700.827,701.326,0.499000000000024,"gesture"
"548","Head","N0106",701.725,702.325,0.600000000000023,"gesture"
"549","Head","N0106",707.951,708.369,0.418000000000006,"gesture"
"550","Head","N0106",711.229,711.861,0.631999999999948,"gesture"
"551","Head","N0106",711.861,713.17,1.30899999999997,"gesture"
"552","Head","N0106",713.354,714.286,0.931999999999903,"gesture"
"553","Head","N0106",718.777,719.242,0.464999999999918,"gesture"
"554","Head","N0106",780.531,781.518,0.98700000000008,"gesture"
"555","Head","N0106",788.695,789.821,1.12599999999998,"gesture"
"556","Head","N0106",791.152,791.685,0.532999999999902,"gesture"
"557","Head","N0106",791.918,792.588,0.669999999999959,"gesture"
"558","Head","N0106",793.284,793.95,0.666000000000054,"gesture"
"559","Head","N0106",794.249,795.394,1.14499999999998,"gesture"
"560","Head","N0106",797.941,798.258,0.317000000000007,"gesture"
"561","Head","N0106",798.443,801.591,3.14800000000002,"gesture"
"562","Head","N0106",801.69,802.49,0.799999999999955,"gesture"
"563","Head","N0106",802.49,802.908,0.418000000000006,"gesture"
"564","Head","N0106",803.38,804.046,0.666000000000054,"gesture"
"565","Head","N0106",869.247,870.079,0.831999999999994,"gesture"
"566","Head","N0106",870.412,872.033,1.62099999999998,"gesture"
"567","Head","N0106",872.033,872.415,0.381999999999948,"gesture"
"568","Head","N0106",872.415,872.782,0.367000000000075,"gesture"
"569","Body","N0106",466.642,467.374,0.732000000000028,"gesture"
"570","Body","N0106",472.747,473.579,0.831999999999994,"gesture"
"571","Body","N0106",474.709,475.374,0.66500000000002,"gesture"
"572","Body","N0106",476.168,477.366,1.19799999999998,"gesture"
"573","Body","N0106",485.473,486.056,0.58299999999997,"gesture"
"574","Body","N0106",488.216,490.385,2.16899999999998,"gesture"
"575","Body","N0106",559.266,560.302,1.03600000000006,"gesture"
"576","Body","N0106",561.268,561.726,0.45799999999997,"gesture"
"577","Body","N0106",564.57,564.969,0.399000000000001,"gesture"
"578","Body","N0106",566.715,567.049,0.333999999999946,"gesture"
"579","Body","N0106",579.725,580.224,0.499000000000024,"gesture"
"580","Body","N0106",581.504,582.118,0.614000000000033,"gesture"
"581","Body","N0106",582.118,583.654,1.53599999999994,"gesture"
"582","Body","N0106",711.656,713.259,1.60300000000007,"gesture"
"583","Body","N0106",713.378,714.193,0.814999999999941,"gesture"
"584","Body","N0106",775.148,775.648,0.5,"gesture"
"585","Body","N0106",780.556,781.416,0.860000000000014,"gesture"
"586","Body","N0106",791.884,792.483,0.598999999999933,"gesture"
"587","Body","N0106",793.142,794.007,0.864999999999895,"gesture"
"588","Body","N0106",798.659,801.933,3.274,"gesture"
"589","Body","N0106",801.933,803.352,1.41899999999998,"gesture"
"590","Body","N0106",870.29,870.822,0.532000000000039,"gesture"
"591","Body","N0106",871.753,872.318,0.564999999999941,"gesture"
"592","Hands","N0106",489.027,489.625,0.598000000000013,"ps"
"593","Hands","N0106",696.521,697.085,0.564000000000078,"ps"
"594","Hands","N0106",697.085,697.474,0.38900000000001,"gesture"
"595","Hands","N0106",697.625,698.196,0.571000000000026,"ps"
"596","Hands","N0106",797.575,798.019,0.44399999999996,"ps"
"597","Hands","N0106",798.772,799.33,0.557999999999993,"ps"
"598","Hands","N0106",802.353,803.811,1.45800000000008,"gesture"
"599","Hands","N0106",803.811,804.793,0.981999999999971,"gesture"
"600","Hands","N0106",871.414,872.139,0.725000000000023,"gesture"
"601","Hands","N0106",872.139,872.938,0.798999999999978,"gesture"
"602","Legs","N0106",403.187,416.457,13.27,"gesture"
"603","Legs","N0106",461.481,462.968,1.48700000000002,"gesture"
"604","Legs","N0106",466.768,471.564,4.79600000000005,"gesture"
"605","Legs","N0106",474.803,486.644,11.841,"gesture"
"606","Legs","N0106",559.584,588.966,29.3820000000001,"gesture"
"607","Legs","N0106",697.411,724.384,26.9730000000001,"gesture"
"608","Legs","N0106",773.567,773.933,0.365999999999985,"ps"
"609","Legs","N0106",781.303,789.142,7.83900000000006,"gesture"
"610","Legs","N0106",793.957,798.247,4.28999999999996,"gesture"
"611","Legs","N0106",801.185,805.134,3.94900000000007,"gesture"
"612","Legs","N0106",872.332,881.797,9.46500000000003,"gesture"
"613","Eyes","N0106",402.65,403.083,0.43300000000005,"exp"
"614","Eyes","N0106",469.524,469.857,0.333000000000027,"op"
"615","Eyes","N0106",491.32,491.586,0.26600000000002,"exp"
"616","Eyes","N0106",556.764,557.23,0.466000000000008,"op"
"617","Eyes","N0106",716.083,716.482,0.399000000000001,"exp"
"618","Eyes","N0106",721.092,721.525,0.432999999999993,"op"
"619","Eyes","N0106",721.691,723.189,1.49799999999993,"exp"
"620","Eyes","N0106",787.614,788.08,0.466000000000008,"op"
"621","Eyes","N0106",804.325,805.821,1.49599999999998,"exp"
"622","Eyes","N0106",865.595,866.547,0.951999999999998,"op"
"623","Eyes","N0106",866.661,867.9,1.23900000000003,"exp"
"624","Eyes","N0106",868,868.766,0.765999999999963,"op"
"625","Eyes","N0106",870.632,871.698,1.06600000000003,"op"
"626","Eyes","N0106",872.207,872.835,0.628000000000043,"op"
"627","Eyes","N0106",873.102,873.801,0.699000000000069,"exp"
"628","PausesOp","N0106",400.56,406.728,6.16800000000001,"mute"
"629","PausesOp","N0106",406.728,407.69,0.961999999999989,"voiced"
"630","PausesOp","N0106",407.69,408.919,1.22899999999998,"mute"
"631","PausesOp","N0106",408.919,409.23,0.311000000000035,"voiced"
"632","PausesOp","N0106",409.5,409.85,0.350000000000023,"mute"
"633","PausesOp","N0106",411.54,414.84,3.29999999999995,"mute"
"634","PausesOp","N0106",460.892,462.712,1.81999999999999,"mute"
"635","PausesOp","N0106",462.712,463.37,0.658000000000015,"voiced"
"636","PausesOp","N0106",463.37,463.78,0.409999999999968,"mute"
"637","PausesOp","N0106",465.436,467.38,1.94400000000002,"mute"
"638","PausesOp","N0106",467.38,467.61,0.230000000000018,"voiced"
"639","PausesOp","N0106",468.09,469.65,1.56,"mute"
"640","PausesOp","N0106",471.3,471.53,0.229999999999961,"mute"
"641","PausesOp","N0106",473.34,475.74,2.40000000000003,"mute"
"642","PausesOp","N0106",475.74,476.323,0.58299999999997,"voiced"
"643","PausesOp","N0106",476.323,476.48,0.157000000000039,"mute"
"644","PausesOp","N0106",476.6,476.95,0.349999999999966,"mute"
"645","PausesOp","N0106",477.633,477.77,0.137,"mute"
"646","PausesOp","N0106",477.77,478.13,0.360000000000014,"voiced"
"647","PausesOp","N0106",478.13,479.28,1.14999999999998,"mute"
"648","PausesOp","N0106",480.898,481.278,0.379999999999995,"voiced"
"649","PausesOp","N0106",481.58,482.19,0.610000000000014,"mute"
"650","PausesOp","N0106",482.91,483.098,0.187999999999988,"mute"
"651","PausesOp","N0106",483.83,486.136,2.30600000000004,"mute"
"652","PausesOp","N0106",488,492.71,4.70999999999998,"mute"
"653","PausesOp","N0106",556.38,557.45,1.07000000000005,"voiced"
"654","PausesOp","N0106",557.45,557.82,0.370000000000005,"voiced"
"655","PausesOp","N0106",558.38,558.647,0.267000000000053,"mute"
"656","PausesOp","N0106",558.647,559.19,0.543000000000006,"voiced"
"657","PausesOp","N0106",559.19,560.28,1.08999999999992,"mute"
"658","PausesOp","N0106",560.68,561.061,0.381000000000085,"mute"
"659","PausesOp","N0106",563.65,565.62,1.97000000000003,"mute"
"660","PausesOp","N0106",565.62,565.927,0.307000000000016,"voiced"
"661","PausesOp","N0106",566.61,572.37,5.75999999999999,"mute"
"662","PausesOp","N0106",574.06,574.182,0.122000000000071,"mute"
"663","PausesOp","N0106",575.19,578,2.80999999999995,"mute"
"664","PausesOp","N0106",578.82,579.12,0.299999999999955,"mute"
"665","PausesOp","N0106",580.6,581.076,0.475999999999999,"mute"
"666","PausesOp","N0106",581.951,582.218,0.266999999999939,"mute"
"667","PausesOp","N0106",583.117,584.01,0.893000000000029,"mute"
"668","PausesOp","N0106",584.596,584.89,0.293999999999983,"mute"
"669","PausesOp","N0106",584.895,586.456,1.56100000000004,"voiced"
"670","PausesOp","N0106",586.456,588.23,1.774,"voiced"
"671","PausesOp","N0106",691.655,692.88,1.22500000000002,"mute"
"672","PausesOp","N0106",694.09,694.644,0.553999999999974,"voiced"
"673","PausesOp","N0106",694.644,695.435,0.79099999999994,"mute"
"674","PausesOp","N0106",697.332,698.65,1.31799999999998,"mute"
"675","PausesOp","N0106",698.97,699.12,0.149999999999977,"mute"
"676","PausesOp","N0106",700.53,701.465,0.935000000000059,"mute"
"677","PausesOp","N0106",701.84,706.05,4.20999999999992,"mute"
"678","PausesOp","N0106",706.556,706.74,0.183999999999969,"mute"
"679","PausesOp","N0106",707.432,709.02,1.58799999999997,"mute"
"680","PausesOp","N0106",709.56,712.02,2.46000000000004,"mute"
"681","PausesOp","N0106",712.94,722.283,9.34299999999996,"mute"
"682","PausesOp","N0106",773.27,773.759,0.489000000000033,"voiced"
"683","PausesOp","N0106",773.759,777.18,3.42099999999994,"mute"
"684","PausesOp","N0106",777.39,777.88,0.490000000000009,"mute"
"685","PausesOp","N0106",779.98,788.063,8.08299999999997,"mute"
"686","PausesOp","N0106",788.396,788.515,0.119000000000028,"mute"
"687","PausesOp","N0106",788.988,789.59,0.601999999999975,"mute"
"688","PausesOp","N0106",790.57,792.24,1.66999999999996,"voiced"
"689","PausesOp","N0106",793.06,795.64,2.58000000000004,"mute"
"690","PausesOp","N0106",797.905,798.95,1.04500000000007,"mute"
"691","PausesOp","N0106",801.11,802.91,1.79999999999995,"mute"
"692","PausesOp","N0106",803.787,804.64,0.852999999999952,"mute"
"693","PausesOp","N0106",865.045,866.335,1.29000000000008,"mute"
"694","PausesOp","N0106",867.99,870.26,2.26999999999998,"mute"
"695","PausesOp","N0106",870.524,870.816,0.29200000000003,"mute"
"696","PausesOp","N0106",871.7,871.903,0.202999999999975,"mute"
"697","PausesOp","N0106",872.53,872.73,0.200000000000045,"mute"
"698","PausesOp","N0106",872.85,876.201,3.351,"mute"
"699","EDUop","N0106",406.728,407.69,0.961999999999989,"(э)"
"700","EDUop","N0106",408.919,409.5,0.581000000000017,"(э) этот=="
"701","EDUop","N0106",409.85,411.54,1.69,"в общем синоним слова=="
"702","EDUop","N0106",462.712,465.43,2.71800000000002,"(э) это когда человек достаточно своеобразный"
"703","EDUop","N0106",467.38,468.09,0.70999999999998,"(э) ещё"
"704","EDUop","N0106",469.65,470.09,0.439999999999998,"почти "
"705","EDUop","N0106",470.091,471.3,1.209,"только такое ст== блин"
"706","EDUop","N0106",471.53,472.18,0.650000000000034,"дурацкое слово"
"707","EDUop","N0106",472.18,474.125,1.94499999999999,"*смех*"
"708","EDUop","N0106",475.74,478.13,2.38999999999999,"(а) тц нет (э)"
"709","EDUop","N0106",479.281,480.086,0.805000000000007,"в общем"
"710","EDUop","N0106",480.086,482.91,2.82400000000001,"там есть (э) вот середина"
"711","EDUop","N0106",483.098,483.83,0.731999999999971,"синоним дай"
"712","EDUop","N0106",486.136,486.373,0.236999999999966,"вот"
"713","EDUop","N0106",486.374,487.375,1.00099999999998,"и это там есть"
"714","EDUop","N0106",487.375,488,0.625,"в этом слове"
"715","EDUop","N0106",557.45,559.19,1.74000000000001,"(э) смотри (э)"
"716","EDUop","N0106",560.28,560.68,0.399999999999977,"да"
"717","EDUop","N0106",561.061,561.68,0.618999999999915,"а в начале"
"718","EDUop","N0106",561.68,562.41,0.730000000000018,"в математике "
"719","EDUop","N0106",562.41,563.65,1.24000000000001,"неизвестные обозначают таким"
"720","EDUop","N0106",565.62,566.61,0.990000000000009,"(э) существительное"
"721","EDUop","N0106",572.37,572.89,0.519999999999982,"рыба"
"722","EDUop","N0106",572.89,574.06,1.16999999999996,"с круглым ртом"
"723","EDUop","N0106",574.182,575.19,1.00800000000004,"длинная как змея"
"724","EDUop","N0106",578.022,578.82,0.798000000000002,"а может и не рыба"
"725","EDUop","N0106",579.12,580.6,1.48000000000002,"ну в воде живёт длинная как змея"
"726","EDUop","N0106",581.076,581.95,0.874000000000024,"с круглым ртом"
"727","EDUop","N0106",581.951,584.59,2.63900000000001,"*смех*"
"728","EDUop","N0106",584.895,586.456,1.56100000000004,"(а)"
"729","EDUop","N0106",692.883,694.09,1.20699999999999,"так рыба которая"
"730","EDUop","N0106",694.09,697.332,3.24199999999996,"(э) что говорит кошка когда её гладишь"
"731","EDUop","N0106",698.65,698.97,0.32000000000005,"вот"
"732","EDUop","N0106",699.12,700.53,1.40999999999997,"э= э= это самое начало слова"
"733","EDUop","N0106",701.465,701.84,0.375,"да"
"734","EDUop","N0106",706.067,706.556,0.489000000000033,"муку"
"735","EDUop","N0106",706.766,707.43,0.663999999999987,"просеивать"
"736","EDUop","N0106",709.02,709.56,0.539999999999964,"маленькое"
"737","EDUop","N0106",712.02,712.32,0.300000000000068,"да"
"738","EDUop","N0106",712.32,712.94,0.620000000000005,"но маленькое"
"739","EDUop","N0106",777.18,777.39,0.210000000000036,"вот"
"740","EDUop","N0106",777.88,778.95,1.07000000000005,"есть такое течение"
"741","EDUop","N0106",778.95,779.98,1.02999999999997,"которое за безвластие"
"742","EDUop","N0106",788.063,790.57,2.50700000000006,"вот ты что-то сварил на обед"
"743","EDUop","N0106",792.24,793.06,0.819999999999936,"что ты сварил на обед"
"744","EDUop","N0106",795.64,795.96,0.32000000000005,"вот"
"745","EDUop","N0106",795.961,796.91,0.948999999999955,"и какой-то инструмент"
"746","EDUop","N0106",796.91,797.905,0.995000000000005,"который с этим связан"
"747","EDUop","N0106",798.95,799.34,0.389999999999986,"не знаю "
"748","EDUop","N0106",799.34,799.816,0.475999999999999,"чё он делает"
"749","EDUop","N0106",799.816,801.11,1.29399999999998,"*смех*"
"750","EDUop","N0106",802.91,803.78,0.870000000000005,"почти почти"
"751","EDUop","N0106",866.335,866.65,0.314999999999941,"так вот"
"752","EDUop","N0106",866.65,867.99,1.34000000000003,"мы продолжаем тему про обед"
"753","EDUop","N0106",870.26,870.524,0.26400000000001,"да"
"754","EDUop","N0106",870.81,871.7,0.8900000000001,"почти почти"
"755","EDUop","N0106",871.906,872.53,0.624000000000024,"ещё ещё"
"756","EDUop","N0106",872.733,872.85,0.117000000000075,"(неразб.)"
"757","Turns","M0504",338.901,377.055,38.154,"T1"
"758","Turns","M0504",426.505,462.541,36.036,"T2"
"759","Turns","M0504",505.368,535.838,30.47,"T3"
"760","Turns","M0504",614.933,647.047,32.114,"T4"
"761","Turns","M0504",710.914,717.935,7.02099999999996,"T5"
"762","Brows","M0504",341.251,342.139,0.888000000000034,"gesture"
"763","Brows","M0504",342.936,344.637,1.70100000000002,"gesture"
"764","Brows","M0504",366.88,368.17,1.29000000000002,"gesture"
"765","Brows","M0504",436.822,437.254,0.432000000000016,"gesture"
"766","Brows","M0504",437.804,438.271,0.467000000000041,"gesture"
"767","Brows","M0504",444.047,444.547,0.5,"gesture"
"768","Brows","M0504",453.328,455.332,2.00400000000002,"gesture"
"769","Brows","M0504",459.763,462.575,2.81200000000001,"gesture"
"770","Brows","M0504",515.449,516.501,1.05200000000002,"gesture"
"771","Brows","M0504",519.159,520.16,1.00099999999998,"gesture"
"772","Brows","M0504",522.307,526.544,4.23699999999997,"gesture"
"773","Brows","M0504",534.599,536.364,1.76499999999999,"gesture"
"774","Brows","M0504",615.475,615.745,0.269999999999982,"gesture"
"775","Brows","M0504",621.036,622.483,1.447,"gesture"
"776","Brows","M0504",623.072,625.505,2.43299999999999,"gesture"
"777","Brows","M0504",625.505,629.482,3.97699999999998,"gesture"
"778","Brows","M0504",635.76,636.76,1,"gesture"
"779","Brows","M0504",639.932,641.389,1.45699999999999,"gesture"
"780","Brows","M0504",642.456,643.18,0.723999999999933,"gesture"
"781","Brows","M0504",710.962,714.693,3.73099999999999,"gesture"
"782","Brows","M0504",714.693,716.69,1.99700000000007,"gesture"
"783","Brows","M0504",716.69,717.804,1.11399999999992,"gesture"
"784","Lips","M0504",338.638,344.072,5.43400000000003,"gesture"
"785","Lips","M0504",347.517,351.015,3.49799999999999,"gesture"
"786","Lips","M0504",364.104,372.124,8.02000000000004,"gesture"
"787","Lips","M0504",372.124,377.902,5.77799999999996,"gesture"
"788","Lips","M0504",443.106,447.132,4.02600000000001,"gesture"
"789","Lips","M0504",452.013,453.011,0.998000000000047,"gesture"
"790","Lips","M0504",453.011,455.487,2.476,"gesture"
"791","Lips","M0504",458.805,464.007,5.202,"gesture"
"792","Lips","M0504",511.482,513.786,2.30399999999992,"gesture"
"793","Lips","M0504",513.786,516.455,2.6690000000001,"gesture"
"794","Lips","M0504",520.063,522.996,2.93299999999999,"gesture"
"795","Lips","M0504",522.996,527.869,4.87300000000005,"gesture"
"796","Lips","M0504",530.437,541.198,10.761,"gesture"
"797","Lips","M0504",616.002,616.336,0.33400000000006,"gesture"
"798","Lips","M0504",628.889,638.758,9.86900000000003,"gesture"
"799","Lips","M0504",638.924,639.925,1.00099999999998,"gesture"
"800","Lips","M0504",639.925,641.747,1.822,"gesture"
"801","Lips","M0504",641.747,644.407,2.66000000000008,"gesture"
"802","Lips","M0504",646.36,647.17,0.809999999999945,"gesture"
"803","Head","M0504",340.268,341.036,0.768000000000029,"gesture"
"804","Head","M0504",341.369,342.118,0.748999999999967,"gesture"
"805","Head","M0504",359.576,360.042,0.465999999999951,"gesture"
"806","Head","M0504",360.042,367.666,7.62400000000002,"gesture"
"807","Head","M0504",367.666,372.063,4.39699999999999,"gesture"
"808","Head","M0504",372.063,373.318,1.255,"gesture"
"809","Head","M0504",426.652,427.714,1.06200000000001,"gesture"
"810","Head","M0504",427.958,429.059,1.101,"gesture"
"811","Head","M0504",443.968,444.959,0.990999999999985,"gesture"
"812","Head","M0504",444.959,446.629,1.67000000000002,"gesture"
"813","Head","M0504",452.938,453.338,0.400000000000034,"gesture"
"814","Head","M0504",454.143,455.811,1.66800000000001,"gesture"
"815","Head","M0504",455.811,456.145,0.334000000000003,"gesture"
"816","Head","M0504",458.722,459.058,0.336000000000013,"gesture"
"817","Head","M0504",460.812,461.212,0.399999999999977,"gesture"
"818","Head","M0504",461.212,463.642,2.43000000000001,"gesture"
"819","Head","M0504",506.017,507.065,1.048,"gesture"
"820","Head","M0504",519.674,521.538,1.86400000000003,"gesture"
"821","Head","M0504",521.538,521.905,0.366999999999962,"gesture"
"822","Head","M0504",521.994,523.559,1.56499999999994,"gesture"
"823","Head","M0504",523.559,525.348,1.78899999999999,"gesture"
"824","Head","M0504",526.702,527.137,0.434999999999945,"gesture"
"825","Head","M0504",530.502,531.17,0.668000000000006,"gesture"
"826","Head","M0504",531.17,531.492,0.322000000000003,"gesture"
"827","Head","M0504",534.439,535.858,1.41899999999998,"gesture"
"828","Head","M0504",615.069,616.918,1.84900000000005,"gesture"
"829","Head","M0504",619.379,619.813,0.433999999999969,"gesture"
"830","Head","M0504",621.124,622.678,1.55399999999997,"gesture"
"831","Head","M0504",632.478,633.951,1.47300000000007,"gesture"
"832","Head","M0504",633.951,634.318,0.366999999999962,"gesture"
"833","Head","M0504",634.318,635.452,1.13400000000001,"gesture"
"834","Head","M0504",635.695,636.762,1.06699999999989,"gesture"
"835","Head","M0504",638.914,639.515,0.600999999999999,"gesture"
"836","Head","M0504",639.615,641.149,1.53399999999999,"gesture"
"837","Head","M0504",641.149,641.634,0.485000000000014,"gesture"
"838","Head","M0504",642.558,643.783,1.22500000000002,"gesture"
"839","Head","M0504",710.945,711.645,0.699999999999932,"gesture"
"840","Head","M0504",714.827,715.294,0.466999999999985,"gesture"
"841","Head","M0504",716.7,717.4,0.699999999999932,"gesture"
"842","Hands","M0504",368.517,376.165,7.64800000000002,"gesture"
"843","Hands","M0504",434.015,434.731,0.716000000000008,"ps"
"844","Hands","M0504",453.683,456.754,3.07100000000003,"ps"
"845","Hands","M0504",462,463.34,1.33999999999997,"ps"
"846","Hands","M0504",522.68,526.637,3.95699999999999,"gesture"
"847","Hands","M0504",526.637,531.915,5.27800000000002,"gesture"
"848","Hands","M0504",531.915,537.618,5.70300000000009,"gesture"
"849","Hands","M0504",634.614,635.534,0.919999999999959,"gesture"
"850","Hands","M0504",635.534,640.382,4.84799999999996,"gesture"
"851","Hands","M0504",640.382,641.333,0.951000000000022,"gesture"
"852","Hands","M0504",641.868,643.935,2.06699999999989,"ps"
"853","Hands","M0504",716.024,716.157,0.133000000000038,"ps"
"854","Hands","M0504",716.657,717.902,1.245,"ps"
"855","Body","M0504",339.595,340.623,1.02799999999996,"gesture"
"856","Body","M0504",340.623,341.657,1.03399999999999,"gesture"
"857","Body","M0504",347.563,348.263,0.699999999999989,"gesture"
"858","Body","M0504",349.341,351.194,1.85300000000001,"ps"
"859","Body","M0504",352.599,354.071,1.47200000000004,"gesture"
"860","Body","M0504",360.565,367.945,7.38,"gesture"
"861","Body","M0504",367.945,372.062,4.11700000000002,"gesture"
"862","Body","M0504",372.062,373.795,1.733,"gesture"
"863","Body","M0504",373.795,375.819,2.024,"gesture"
"864","Body","M0504",428.238,429.078,0.839999999999975,"gesture"
"865","Body","M0504",437.101,437.566,0.464999999999975,"gesture"
"866","Body","M0504",443.961,445.394,1.43299999999999,"gesture"
"867","Body","M0504",453.134,454.291,1.15699999999998,"gesture"
"868","Body","M0504",454.291,455.136,0.845000000000027,"gesture"
"869","Body","M0504",459.692,460.097,0.404999999999973,"gesture"
"870","Body","M0504",460.097,461.33,1.233,"gesture"
"871","Body","M0504",461.33,463.008,1.678,"gesture"
"872","Body","M0504",513.706,515.36,1.654,"gesture"
"873","Body","M0504",515.36,519.635,4.27499999999998,"gesture"
"874","Body","M0504",520.402,521.696,1.29399999999998,"gesture"
"875","Body","M0504",522.027,522.551,0.524000000000001,"gesture"
"876","Body","M0504",522.551,526.23,3.67899999999997,"gesture"
"877","Body","M0504",530.419,531.018,0.599000000000046,"gesture"
"878","Body","M0504",531.018,532.786,1.76799999999992,"gesture"
"879","Body","M0504",532.786,534.446,1.66000000000008,"gesture"
"880","Body","M0504",534.446,537.472,3.02599999999995,"gesture"
"881","Body","M0504",629.207,629.608,0.400999999999954,"gesture"
"882","Body","M0504",631.464,631.931,0.466999999999985,"gesture"
"883","Body","M0504",632.58,633.39,0.809999999999945,"gesture"
"884","Body","M0504",634.428,635.529,1.101,"gesture"
"885","Body","M0504",635.529,637.772,2.24300000000005,"gesture"
"886","Body","M0504",639.282,640.006,0.723999999999933,"gesture"
"887","Body","M0504",640.006,640.393,0.387000000000057,"gesture"
"888","Body","M0504",641.953,643.892,1.93900000000008,"gesture"
"889","Body","M0504",646.355,647.356,1.00099999999998,"gesture"
"890","Legs","M0504",338.167,339.371,1.20400000000001,"gesture"
"891","Legs","M0504",339.371,341.13,1.75900000000001,"gesture"
"892","Legs","M0504",346.697,349,2.303,"gesture"
"893","Legs","M0504",349,349.807,0.807000000000016,"gesture"
"894","Legs","M0504",349.807,352.36,2.553,"ps"
"895","Legs","M0504",360.545,360.687,0.141999999999996,"gesture"
"896","Legs","M0504",376.765,379.215,2.44999999999999,"gesture"
"897","Legs","M0504",436.874,445.771,8.89699999999999,"gesture"
"898","Legs","M0504",447.906,448.569,0.663000000000011,"gesture"
"899","Legs","M0504",451.092,452.421,1.32900000000001,"gesture"
"900","Legs","M0504",455.536,456.88,1.34399999999999,"gesture"
"901","Legs","M0504",515.36,518.884,3.524,"gesture"
"902","Legs","M0504",518.884,521.587,2.70299999999997,"gesture"
"903","Legs","M0504",522.82,526.468,3.64799999999991,"gesture"
"904","Legs","M0504",527.313,529.233,1.91999999999996,"ps"
"905","Legs","M0504",531.568,533.963,2.39499999999998,"gesture"
"906","Legs","M0504",534.696,536.063,1.36699999999996,"gesture"
"907","Legs","M0504",622.685,624.75,2.06500000000005,"gesture"
"908","Legs","M0504",625.549,635.292,9.74300000000005,"gesture"
"909","Legs","M0504",635.292,636.729,1.43700000000001,"gesture"
"910","Legs","M0504",638.782,639.386,0.603999999999928,"gesture"
"911","Legs","M0504",714.775,717.273,2.49800000000005,"gesture"
"912","Legs","M0504",717.273,720.579,3.30599999999993,"gesture"
"913","Eyes","M0504",340.834,345.789,4.95499999999998,"op"
"914","Eyes","M0504",347.005,358.266,11.261,"op"
"915","Eyes","M0504",359.684,359.85,0.165999999999997,"op"
"916","Eyes","M0504",426.055,428.38,2.32499999999999,"op"
"917","Eyes","M0504",428.846,434.833,5.98700000000002,"op"
"918","Eyes","M0504",436.962,437.585,0.62299999999999,"op"
"919","Eyes","M0504",441.022,447.18,6.15800000000002,"op"
"920","Eyes","M0504",447.645,450.164,2.51900000000001,"op"
"921","Eyes","M0504",450.966,452.432,1.46600000000001,"op"
"922","Eyes","M0504",455.869,457.622,1.75299999999999,"op "
"923","Eyes","M0504",458.917,460.851,1.93400000000003,"op"
"924","Eyes","M0504",505.53,510.465,4.935,"op"
"925","Eyes","M0504",511.365,521.525,10.16,"op "
"926","Eyes","M0504",524.344,526.174,1.82999999999993,"op"
"927","Eyes","M0504",526.705,527.963,1.25799999999992,"op"
"928","Eyes","M0504",531.573,534.598,3.02499999999998,"op"
"929","Eyes","M0504",614.949,617.946,2.99700000000007,"op"
"930","Eyes","M0504",619.455,621.081,1.62599999999998,"op"
"931","Eyes","M0504",623.25,625.449,2.19899999999996,"op"
"932","Eyes","M0504",625.949,629.122,3.173,"op"
"933","Eyes","M0504",629.456,632.19,2.73400000000004,"op"
"934","Eyes","M0504",634.164,638.595,4.43100000000004,"op"
"935","Eyes","M0504",639.23,639.613,0.383000000000038,"op"
"936","Eyes","M0504",642.655,645.36,2.70500000000004,"op"
"937","Eyes","M0504",710.694,717.633,6.93900000000008,"op"
"938","EyesOp","M0504",344.771,345.419,0.647999999999968,"op"
"939","EyesOp","M0504",346.894,347.188,0.293999999999983,"op"
"940","EyesOp","M0504",358.514,360.257,1.74299999999999,"op"
"941","EyesOp","M0504",361.998,364.136,2.13800000000003,"op"
"942","EyesOp","M0504",368.843,374.316,5.47299999999996,"op"
"943","EyesOp","M0504",374.985,375.926,0.940999999999974,"op"
"944","EyesOp","M0504",427.079,428.377,1.298,"op"
"945","EyesOp","M0504",434.109,437.243,3.13400000000001,"op"
"946","EyesOp","M0504",445.627,448.187,2.56,"op"
"947","EyesOp","M0504",451.165,455.069,3.904,"op"
"948","EyesOp","M0504",456.825,457.386,0.561000000000035,"op"
"949","EyesOp","M0504",459.439,460.24,0.800999999999988,"op"
"950","EyesOp","M0504",505.621,506.889,1.26800000000003,"op"
"951","EyesOp","M0504",507.808,509.218,1.41000000000003,"op"
"952","EyesOp","M0504",511.562,512.76,1.19799999999998,"op"
"953","EyesOp","M0504",514.5,514.7,0.200000000000045,"op"
"954","EyesOp","M0504",515.129,518.141,3.01199999999994,"op"
"955","EyesOp","M0504",519.409,524.221,4.81200000000001,"op"
"956","EyesOp","M0504",525.616,530.713,5.09699999999998,"op"
"957","EyesOp","M0504",531.247,531.713,0.466000000000008,"op"
"958","EyesOp","M0504",619.029,619.643,0.614000000000033,"op"
"959","EyesOp","M0504",620.309,621.335,1.02600000000007,"op"
"960","EyesOp","M0504",625.378,626.078,0.699999999999932,"op"
"961","EyesOp","M0504",630.906,632.182,1.27600000000007,"op"
"962","EyesOp","M0504",633.042,634.636,1.59399999999994,"op"
"963","EyesOp","M0504",635.623,636.814,1.19099999999992,"op"
"964","EyesOp","M0504",638.077,639.37,1.29300000000001,"op"
"965","EyesOp","M0504",642.534,642.954,0.419999999999959,"op"
"966","EyesOp","M0504",643.887,644.185,0.298000000000002,"op"
"967","EyesOp","M0504",712.308,713.154,0.846000000000004,"op"
"968","EyesOp","M0504",715.813,717.049,1.23599999999999,"op"
"969","EDUop","M0504",338.329,339.56,1.23099999999999,"(неразб.)"
"970","EDUop","M0504",341.482,344.285,2.803,"(ам) ... необычный человек"
"971","EDUop","M0504",344.285,346.362,2.077,"(э) ещё *смех* "
"972","EDUop","M0504",347.273,348.076,0.802999999999997,"нет (э) "
"973","EDUop","M0504",348.076,349.098,1.02199999999999,"сложное слово"
"974","EDUop","M0504",349.625,349.999,0.374000000000024,"(эм)"
"975","EDUop","M0504",353.307,355.373,2.06599999999997,"(э) как приставка (эм)"
"976","EDUop","M0504",355.687,356.544,0.856999999999971,"а нет щас подожди"
"977","EDUop","M0504",356.714,357.362,0.648000000000025,"круг есть "
"978","EDUop","M0504",357.362,357.922,0.560000000000002,"и у него=="
"979","EDUop","M0504",359.197,359.82,0.62299999999999,"посередине"
"980","EDUop","M0504",362.416,363.348,0.932000000000016,"посередине круга что"
"981","EDUop","M0504",365.56,367.032,1.47199999999998,"ну ну я поняла уже так"
"982","EDUop","M0504",367.394,367.889,0.495000000000005,"ну я поняла"
"983","EDUop","M0504",367.889,369.23,1.34100000000001,"(неразб.)"
"984","EDUop","M0504",374.829,375.796,0.966999999999985,"ну да да да да"
"985","EDUop","M0504",376.231,376.648,0.41700000000003,"всё"
"986","EDUop","M0504",376.648,377.073,0.424999999999955,"окей"
"987","EDUop","M0504",426.885,427.131,0.245999999999981,"э=="
"988","EDUop","M0504",427.803,428.213,0.410000000000025,"да"
"989","EDUop","M0504",428.213,429.937,1.72399999999999,"(э) это вот в середине"
"990","EDUop","M0504",429.966,430.398,0.432000000000016,"а (м)"
"991","EDUop","M0504",431.05,432.307,1.25700000000001,"тц если человек"
"992","EDUop","M0504",432.307,433.624,1.31700000000001,"вот прям вот на него смотришь"
"993","EDUop","M0504",433.624,435.082,1.45799999999997,"он в разноцветных шмотках"
"994","EDUop","M0504",435.082,436.917,1.83499999999998,"он такой весь из себя *вдох*"
"995","EDUop","M0504",438.141,438.686,0.544999999999959,"есть"
"996","EDUop","M0504",438.737,439.413,0.675999999999988,"да да да"
"997","EDUop","M0504",440.917,441.851,0.934000000000026,"(пф)"
"998","EDUop","M0504",442.999,444.737,1.738,"*вздох* *смех*"
"999","EDUop","M0504",445.335,445.561,0.225999999999999,"а "
"1000","EDUop","M0504",445.561,446.825,1.26400000000001,"корову как могут называть"
"1001","EDUop","M0504",447.245,447.802,0.557000000000016,"(э)"
"1002","EDUop","M0504",448.032,448.409,0.37700000000001,"нет"
"1003","EDUop","M0504",448.409,449.73,1.32100000000003,"а вот если кличка"
"1004","EDUop","M0504",449.73,450.64,0.909999999999968,"знаешь такая ну"
"1005","EDUop","M0504",450.753,451.409,0.656000000000006,"или кошку"
"1006","EDUop","M0504",451.409,451.9,0.490999999999985,"кошка "
"1007","EDUop","M0504",451.901,452.704,0.802999999999997,"кошка и=="
"1008","EDUop","M0504",453.524,455.605,2.08100000000002,"*смех* "
"1009","EDUop","M0504",455.825,456.343,0.518000000000029,"ну кошка"
"1010","EDUop","M0504",456.343,457.524,1.18099999999998,"вот к= кошка что делает"
"1011","EDUop","M0504",505.376,506.603,1.22700000000003,"(э) что делает кошка"
"1012","EDUop","M0504",506.605,506.884,0.278999999999996,"ещё"
"1013","EDUop","M0504",506.884,508.294,1.40999999999997,"а когда вот она довольна"
"1014","EDUop","M0504",508.638,508.949,0.311000000000035,"(неразб.)"
"1015","EDUop","M0504",509.098,509.729,0.630999999999972,"(э) да"
"1016","EDUop","M0504",509.729,510.049,0.319999999999993,"но=="
"1017","EDUop","M0504",510.049,513.707,3.65800000000002,"*смех*"
"1018","EDUop","M0504",515.589,516.9,1.31099999999992,"но только с=="
"1019","EDUop","M0504",517.491,518.032,0.541000000000054,"с=="
"1020","EDUop","M0504",518.13,518.999,0.869000000000028,"что с кото=="
"1021","EDUop","M0504",518.999,519.655,0.655999999999949,"с ко=="
"1022","EDUop","M0504",520.264,521.073,0.808999999999969,"что делает кошка"
"1023","EDUop","M0504",521.073,521.573,0.5,"ещё раз"
"1024","EDUop","M0504",522.932,525.557,2.625,"*смех*"
"1025","EDUop","M0504",525.557,526.524,0.966999999999985,"когда довольна"
"1026","EDUop","M0504",527.49,527.933,0.442999999999984,"ну"
"1027","EDUop","M0504",528.337,529.147,0.810000000000059,"и бурёнка"
"1028","EDUop","M0504",529.147,529.515,0.367999999999938,"*смех*"
"1029","EDUop","M0504",615.802,618.704,2.90199999999993,"(а) м= муку просеивают через что"
"1030","EDUop","M0504",620.114,620.967,0.852999999999952,"только м= маленькое"
"1031","EDUop","M0504",621.74,622.065,0.325000000000045,"угу"
"1032","EDUop","M0504",622.9,624.491,1.59100000000001,"(а) старое слово"
"1033","EDUop","M0504",624.491,625.999,1.50800000000004,"(э) вышедшее из (э)"
"1034","EDUop","M0504",626.86,628.021,1.16099999999994,"ой блин подожди"
"1035","EDUop","M0504",628.021,629.18,1.15899999999999,"я неправильно прочитала "
"1036","EDUop","M0504",629.18,630.416,1.2360000000001," *смех* "
"1037","EDUop","M0504",630.416,632.168,1.75199999999995,"когда люди правят"
"1038","EDUop","M0504",632.373,632.574,0.200999999999908,"сори"
"1039","EDUop","M0504",634.195,635.31,1.1149999999999,"(а) нет когда=="
"1040","EDUop","M0504",635.44,635.749,0.308999999999969,"да"
"1041","EDUop","M0504",635.749,635.949,0.199999999999932,"но=="
"1042","EDUop","M0504",635.95,636.523,0.572999999999979,"не-не-не"
"1043","EDUop","M0504",636.523,638.409,1.88599999999997,"когда без власти"
"1044","EDUop","M0504",638.409,639.438,1.029,"безвластие"
"1045","EDUop","M0504",639.441,639.767,0.326000000000022,"да угу"
"1046","EDUop","M0504",640.974,641.541,0.567000000000007,"(неразб.) *смех*"
"1047","EDUop","M0504",641.541,643.232,1.69099999999992,"*смех*"
"1048","EDUop","M0504",643.475,644.655,1.17999999999995,"(а) мы варим"
"1049","EDUop","M0504",646.007,646.315,0.308000000000106,"нет"
"1050","EDUop","M0504",711.08,713.29,2.20999999999992,"варим мы с картошкой мака= макаронами"
"1051","EDUop","M0504",713.29,713.891,0.600999999999999,"что называется"
"1052","EDUop","M0504",713.891,714.442,0.551000000000045,"на бульоне"
"1053","EDUop","M0504",715.39,716.573,1.18299999999999,"а тарелка специальная"
"1054","PausesOp","M0504",339.56,341.482,1.92200000000003,"mute"
"1055","PausesOp","M0504",341.482,342.085,0.602999999999952,"voiced"
"1056","PausesOp","M0504",342.085,342.751,0.665999999999997,"mute"
"1057","PausesOp","M0504",344.285,344.672,0.387,"voiced"
"1058","PausesOp","M0504",345.4,346.005,0.605000000000018,"mute"
"1059","PausesOp","M0504",346.362,347.27,0.907999999999959,"mute"
"1060","PausesOp","M0504",347.65,348.076,0.426000000000045,"voiced"
"1061","PausesOp","M0504",349.098,349.62,0.521999999999991,"mute"
"1062","PausesOp","M0504",349.625,349.999,0.374000000000024,"voiced"
"1063","PausesOp","M0504",349.999,353.303,3.30399999999997,"mute"
"1064","PausesOp","M0504",353.303,353.81,0.507000000000005,"voiced"
"1065","PausesOp","M0504",354.866,355.37,0.504000000000019,"voiced"
"1066","PausesOp","M0504",355.37,355.688,0.317999999999984,"mute"
"1067","PausesOp","M0504",356.544,356.71,0.165999999999997,"mute"
"1068","PausesOp","M0504",357.92,359.19,1.26999999999998,"mute"
"1069","PausesOp","M0504",359.82,362.41,2.59000000000003,"mute"
"1070","PausesOp","M0504",363.348,365.568,2.21999999999997,"mute"
"1071","PausesOp","M0504",367.038,367.39,0.351999999999975,"mute"
"1072","PausesOp","M0504",369.23,374.82,5.58999999999997,"mute"
"1073","PausesOp","M0504",375.798,376.231,0.432999999999993,"mute"
"1074","PausesOp","M0504",426.505,426.885,0.379999999999995,"mute"
"1075","PausesOp","M0504",426.885,427.131,0.245999999999981,"voiced"
"1076","PausesOp","M0504",427.131,427.8,0.66900000000004,"mute"
"1077","PausesOp","M0504",428.21,428.948,0.738,"voiced"
"1078","PausesOp","M0504",429.966,430.398,0.432000000000016,"voiced"
"1079","PausesOp","M0504",430.398,431.05,0.651999999999987,"mute"
"1080","PausesOp","M0504",431.535,431.89,0.354999999999961,"voiced"
"1081","PausesOp","M0504",436.915,438.141,1.226,"mute"
"1082","PausesOp","M0504",438.686,438.735,0.049000000000035,"mute"
"1083","PausesOp","M0504",439.413,440.915,1.50200000000001,"mute"
"1084","PausesOp","M0504",441.851,442.995,1.14400000000001,"mute"
"1085","PausesOp","M0504",444.737,445.335,0.597999999999956,"mute"
"1086","PausesOp","M0504",446.825,447.245,0.420000000000016,"mute"
"1087","PausesOp","M0504",447.245,447.802,0.557000000000016,"voiced"
"1088","PausesOp","M0504",447.802,448.03,0.227999999999952,"mute"
"1089","PausesOp","M0504",450.64,450.75,0.110000000000014,"mute"
"1090","PausesOp","M0504",452.704,453.52,0.815999999999974,"mute"
"1091","PausesOp","M0504",455.605,455.825,0.21999999999997,"mute"
"1092","PausesOp","M0504",457.524,462.541,5.017,"mute"
"1093","PausesOp","M0504",505.376,505.557,0.18100000000004,"voiced"
"1094","PausesOp","M0504",508.292,508.64,0.348000000000013,"mute"
"1095","PausesOp","M0504",508.949,509.098,0.149000000000001,"mute"
"1096","PausesOp","M0504",509.098,509.432,0.334000000000003,"voiced"
"1097","PausesOp","M0504",510.366,511.716,1.35000000000002,"mute"
"1098","PausesOp","M0504",512.286,515.582,3.29600000000005,"mute"
"1099","PausesOp","M0504",516.9,517.483,0.58299999999997,"mute"
"1100","PausesOp","M0504",518.032,518.132,0.0999999999999091,"mute"
"1101","PausesOp","M0504",519.658,520.264,0.605999999999995,"mute"
"1102","PausesOp","M0504",521.566,522.932,1.36599999999999,"mute"
"1103","PausesOp","M0504",526.524,527.491,0.966999999999985,"mute"
"1104","PausesOp","M0504",527.932,528.337,0.404999999999973,"mute"
"1105","PausesOp","M0504",529.515,535.841,6.32600000000002,"mute"
"1106","PausesOp","M0504",614.933,615.807,0.874000000000024,"mute"
"1107","PausesOp","M0504",615.807,616.332,0.524999999999977,"voiced"
"1108","PausesOp","M0504",616.698,617.04,0.341999999999985,"mute"
"1109","PausesOp","M0504",618.704,620.109,1.40500000000009,"mute"
"1110","PausesOp","M0504",620.967,621.74,0.773000000000025,"mute"
"1111","PausesOp","M0504",622.065,622.907,0.841999999999985,"mute"
"1112","PausesOp","M0504",622.907,623.215,0.307999999999993,"voiced"
"1113","PausesOp","M0504",625.598,625.992,0.394000000000005,"voiced"
"1114","PausesOp","M0504",625.992,626.864,0.872000000000071,"mute"
"1115","PausesOp","M0504",632.166,632.373,0.206999999999994,"mute"
"1116","PausesOp","M0504",632.573,634.195,1.62200000000007,"mute"
"1117","PausesOp","M0504",634.195,634.491,0.295999999999935,"voiced"
"1118","PausesOp","M0504",635.31,635.44,0.130000000000109,"mute"
"1119","PausesOp","M0504",637.182,637.473,0.29099999999994,"mute"
"1120","PausesOp","M0504",637.473,637.832,0.359000000000037,"voiced"
"1121","PausesOp","M0504",639.773,640.973,1.19999999999993,"mute"
"1122","PausesOp","M0504",643.233,643.483,0.25,"mute"
"1123","PausesOp","M0504",643.483,643.949,0.466000000000008,"voiced"
"1124","PausesOp","M0504",644.658,646.007,1.34899999999993,"mute"
"1125","PausesOp","M0504",646.315,647.049,0.733999999999924,"mute"
"1126","PausesOp","M0504",710.916,711.08,0.163999999999987,"mute"
"1127","PausesOp","M0504",714.442,715.39,0.947999999999979,"mute"
"1128","PausesOp","M0504",716.573,717.94,1.36700000000008,"mute"
"1129","Turns","D0106",325.465,336.978,11.513,"T1"
"1130","Turns","D0106",373.476,408.13,34.654,"T2"
"1131","Turns","D0106",441.771,474.276,32.505,"T3"
"1132","Turns","D0106",516.593,549.506,32.913,"T4"
"1133","Turns","D0106",588.435,622.097,33.662,"T5"
"1134","Brows","D0106",335.993,337.691,1.69799999999998,"gesture"
"1135","Brows","D0106",375.082,376.558,1.476,"gesture"
"1136","Brows","D0106",381.594,382.393,0.798999999999978,"gesture"
"1137","Brows","D0106",400.66,402.458,1.798,"gesture"
"1138","Brows","D0106",450.292,450.972,0.680000000000007,"gesture"
"1139","Brows","D0106",451.239,451.974,0.735000000000014,"gesture"
"1140","Brows","D0106",523.527,525.091,1.56399999999996,"gesture"
"1141","Brows","D0106",526.315,528.514,2.19899999999996,"gesture"
"1142","Brows","D0106",531.372,533.428,2.05600000000004,"gesture"
"1143","Brows","D0106",547.648,548.847,1.19899999999996,"gesture"
"1144","Brows","D0106",548.847,549.991,1.14400000000001,"gesture"
"1145","Brows","D0106",613.47,614.445,0.975000000000023,"gesture"
"1146","Brows","D0106",616.339,620.233,3.89399999999989,"gesture"
"1147","Lips","D0106",323.48,330.308,6.82799999999997,"gesture"
"1148","Lips","D0106",331.122,336.03,4.90799999999996,"gesture"
"1149","Lips","D0106",336.03,337.681,1.65100000000001,"gesture"
"1150","Lips","D0106",376.262,380.488,4.226,"gesture"
"1151","Lips","D0106",382.804,387.21,4.40600000000001,"gesture"
"1152","Lips","D0106",387.21,409.887,22.677,"gesture"
"1153","Lips","D0106",442.708,447.8,5.09199999999998,"gesture"
"1154","Lips","D0106",447.8,451.035,3.23500000000001,"gesture"
"1155","Lips","D0106",451.035,452.011,0.975999999999999,"gesture"
"1156","Lips","D0106",468.073,469.421,1.34800000000001,"gesture"
"1157","Lips","D0106",471.673,472.652,0.978999999999985,"gesture"
"1158","Lips","D0106",472.652,475.245,2.59300000000002,"gesture"
"1159","Lips","D0106",521.27,523.533,2.26300000000003,"gesture"
"1160","Lips","D0106",523.533,524.854,1.32100000000003,"gesture"
"1161","Lips","D0106",526.482,529.317,2.83500000000004,"gesture"
"1162","Lips","D0106",531.374,533.141,1.76699999999994,"gesture"
"1163","Lips","D0106",533.141,538.263,5.12200000000007,"gesture"
"1164","Lips","D0106",538.263,547.641,9.37799999999993,"gesture"
"1165","Lips","D0106",548.24,549.348,1.10799999999995,"gesture"
"1166","Lips","D0106",549.348,554.257,4.90899999999999,"gesture"
"1167","Lips","D0106",593.133,599.877,6.74399999999991,"gesture"
"1168","Lips","D0106",599.877,602.228,2.351,"gesture"
"1169","Lips","D0106",602.228,605.079,2.851,"gesture"
"1170","Lips","D0106",616.311,617.987,1.67599999999993,"gesture"
"1171","Lips","D0106",617.987,620.11,2.12300000000005,"gesture"
"1172","Lips","D0106",622.002,627.943,5.94100000000003,"gesture"
"1173","Head","D0106",374.757,375.644,0.887,"gesture"
"1174","Head","D0106",381.306,382.277,0.971000000000004,"gesture"
"1175","Head","D0106",384.327,384.884,0.557000000000016,"gesture"
"1176","Head","D0106",388.27,389.811,1.541,"gesture"
"1177","Head","D0106",390.3,394.691,4.39099999999996,"gesture"
"1178","Head","D0106",395.683,398.122,2.43900000000002,"gesture"
"1179","Head","D0106",399.156,401.367,2.21100000000001,"gesture"
"1180","Head","D0106",403.769,406.77,3.00099999999998,"gesture"
"1181","Head","D0106",447.282,448.18,0.898000000000025,"gesture"
"1182","Head","D0106",450.357,453.148,2.791,"gesture"
"1183","Head","D0106",453.34,453.742,0.402000000000044,"gesture"
"1184","Head","D0106",464.212,464.801,0.588999999999999,"gesture"
"1185","Head","D0106",467.65,468.197,0.547000000000025,"gesture"
"1186","Head","D0106",525.228,526.277,1.04900000000009,"gesture"
"1187","Head","D0106",526.277,529.186,2.90899999999999,"gesture"
"1188","Head","D0106",547.947,548.88,0.932999999999993,"gesture"
"1189","Head","D0106",589.875,590.587,0.711999999999989,"gesture"
"1190","Head","D0106",599.231,599.669,0.437999999999988,"gesture"
"1191","Head","D0106",607.101,607.726,0.625,"gesture"
"1192","Head","D0106",610.028,611.407,1.37900000000002,"gesture"
"1193","Head","D0106",611.407,611.786,0.378999999999905,"gesture"
"1194","Head","D0106",616.325,617.021,0.695999999999913,"gesture"
"1195","Head","D0106",618.246,619.068,0.822000000000003,"gesture"
"1196","Head","D0106",620.131,622.495,2.36400000000003,"gesture"
"1197","Hands","D0106",386.712,388.177,1.46500000000003,"ps"
"1198","Hands","D0106",391.943,394.573,2.63,"ps"
"1199","Hands","D0106",397.02,398.485,1.46500000000003,"ps"
"1200","Hands","D0106",399.165,401.522,2.35699999999997,"gesture"
"1201","Hands","D0106",404.484,405.499,1.01500000000004,"gesture"
"1202","Hands","D0106",405.499,406.494,0.995000000000005,"gesture"
"1203","Hands","D0106",443.581,444.614,1.03299999999996,"ps"
"1204","Hands","D0106",452.065,453.264,1.19900000000001,"ps"
"1205","Hands","D0106",456.243,459.487,3.24400000000003,"ps"
"1206","Hands","D0106",521.129,522.061,0.932000000000016,"ps"
"1207","Hands","D0106",525.335,526.079,0.743999999999915,"ps"
"1208","Hands","D0106",528.495,530.249,1.75400000000002,"ps"
"1209","Hands","D0106",618.201,620.396,2.19499999999994,"gesture"
"1210","Body","D0106",377.009,378.398,1.38900000000001,"gesture"
"1211","Body","D0106",525.422,525.765,0.342999999999961,"gesture"
"1212","Body","D0106",526.54,529.165,2.625,"gesture"
"1213","Body","D0106",536.328,536.561,0.233000000000061,"gesture"
"1214","Body","D0106",539.825,540.16,0.334999999999923,"gesture"
"1215","Body","D0106",547.95,548.349,0.399000000000001,"gesture"
"1216","Body","D0106",607.187,607.806,0.619000000000028,"gesture"
"1217","Body","D0106",616.327,617.301,0.974000000000046,"gesture"
"1218","Body","D0106",618.167,620.066,1.899,"gesture"
"1219","Body","D0106",620.265,621.698,1.43299999999999,"gesture"
"1220","Legs","D0106",373.722,374.721,0.999000000000024,"gesture"
"1221","Legs","D0106",386.101,387.934,1.83300000000003,"gesture"
"1222","Legs","D0106",387.934,388.466,0.531999999999982,"gesture"
"1223","Legs","D0106",391.922,396.651,4.72899999999998,"gesture"
"1224","Legs","D0106",399.382,401.105,1.72300000000001,"gesture"
"1225","Legs","D0106",401.105,401.771,0.665999999999997,"gesture"
"1226","Legs","D0106",401.804,405.181,3.37700000000001,"gesture"
"1227","Legs","D0106",405.181,407.515,2.334,"gesture"
"1228","Legs","D0106",442.636,443.07,0.433999999999969,"gesture"
"1229","Legs","D0106",453.416,454.817,1.40100000000001,"ps"
"1230","Legs","D0106",456.686,457.085,0.399000000000001,"gesture"
"1231","Legs","D0106",457.085,458.948,1.863,"gesture"
"1232","Legs","D0106",473.335,473.83,0.495000000000005,"gesture"
"1233","Legs","D0106",517.253,525.915,8.66199999999992,"gesture"
"1234","Legs","D0106",526.547,526.96,0.413000000000011,"gesture"
"1235","Legs","D0106",528.499,536.333,7.83399999999995,"gesture"
"1236","Legs","D0106",549.226,551.007,1.78099999999995,"gesture"
"1237","Legs","D0106",592.356,593.082,0.725999999999999,"ps"
"1238","Legs","D0106",599.975,607.259,7.28399999999999,"gesture"
"1239","Legs","D0106",607.259,610.965,3.70600000000002,"gesture"
"1240","Legs","D0106",616.424,617.275,0.850999999999999,"ps"
"1241","Legs","D0106",617.807,618.321,0.51400000000001,"gesture"
"1242","Legs","D0106",618.687,619.204,0.516999999999939,"gesture"
"1243","Legs","D0106",619.204,623.992,4.78800000000001,"gesture"
"1244","Eyes","D0106",325.116,325.79,0.674000000000035,"op"
"1245","Eyes","D0106",326.278,329.88,3.60199999999998,"op"
"1246","Eyes","D0106",330.368,331.846,1.47800000000001,"op"
"1247","Eyes","D0106",332.153,337.065,4.91199999999998,"op"
"1248","Eyes","D0106",373.242,381.252,8.00999999999999,"op"
"1249","Eyes","D0106",382.761,383.95,1.18899999999996,"op"
"1250","Eyes","D0106",384.25,385.84,1.58999999999997,"op"
"1251","Eyes","D0106",386.648,387.813,1.16499999999996,"op"
"1252","Eyes","D0106",389.183,393.223,4.04000000000002,"op"
"1253","Eyes","D0106",393.432,393.866,0.433999999999969,"op"
"1254","Eyes","D0106",394.589,396.596,2.00700000000001,"op"
"1255","Eyes","D0106",396.895,399.324,2.42900000000003,"op "
"1256","Eyes","D0106",400.421,403.793,3.37200000000001,"op"
"1257","Eyes","D0106",406.176,406.975,0.799000000000035,"op"
"1258","Eyes","D0106",441.84,445.071,3.23100000000005,"op"
"1259","Eyes","D0106",445.627,450.333,4.70600000000002,"op"
"1260","Eyes","D0106",452.043,453.383,1.33999999999997,"op"
"1261","Eyes","D0106",453.849,456.213,2.36400000000003,"op"
"1262","Eyes","D0106",458.307,459.817,1.50999999999999,"op"
"1263","Eyes","D0106",462.204,470.381,8.17699999999996,"op"
"1264","Eyes","D0106",471.054,473.132,2.07800000000003,"op"
"1265","Eyes","D0106",518.341,518.908,0.567000000000007,"op"
"1266","Eyes","D0106",519.929,520.262,0.33299999999997,"op"
"1267","Eyes","D0106",521.127,524.849,3.72200000000009,"op"
"1268","Eyes","D0106",526.468,535.229,8.76100000000008,"op"
"1269","Eyes","D0106",535.921,540.073,4.15199999999993,"op"
"1270","Eyes","D0106",542.032,542.565,0.533000000000015,"op"
"1271","Eyes","D0106",543.72,544.415,0.694999999999936,"op"
"1272","Eyes","D0106",544.914,548.031,3.11699999999996,"op"
"1273","Eyes","D0106",548.56,550.216,1.65600000000006,"op"
"1274","Eyes","D0106",589.214,590.967,1.75299999999993,"op"
"1275","Eyes","D0106",591.565,597.383,5.81799999999998,"op"
"1276","Eyes","D0106",598.449,600.159,1.71000000000004,"op"
"1277","Eyes","D0106",601.399,602.36,0.961000000000013,"op"
"1278","Eyes","D0106",604.947,610.8,5.85299999999995,"op"
"1279","Eyes","D0106",611.611,613.485,1.87400000000002,"op"
"1280","Eyes","D0106",614.1,616.118,2.01800000000003,"op"
"1281","Eyes","D0106",616.55,620.044,3.49400000000003,"op"
"1282","Eyes","D0106",621.129,623.316,2.18700000000001,"op"
"1283","EyesOp","D0106",335.317,336.868,1.55099999999999,"op"
"1284","EyesOp","D0106",373.539,379.292,5.75299999999999,"op"
"1285","EyesOp","D0106",380.582,383.476,2.89400000000001,"op"
"1286","EyesOp","D0106",387.94,390.806,2.86599999999999,"op"
"1287","EyesOp","D0106",399.507,401.119,1.61200000000002,"op"
"1288","EyesOp","D0106",403.101,407.718,4.61700000000002,"op"
"1289","EyesOp","D0106",441.87,448.453,6.58299999999997,"op"
"1290","EyesOp","D0106",449.602,452.149,2.54700000000003,"op"
"1291","EyesOp","D0106",454.196,455.756,1.55999999999995,"op"
"1292","EyesOp","D0106",464.003,465.271,1.26800000000003,"op"
"1293","EyesOp","D0106",467.843,472.985,5.142,"op"
"1294","EyesOp","D0106",473.971,474.271,0.300000000000011,"op"
"1295","EyesOp","D0106",522.796,526.577,3.78099999999995,"op"
"1296","EyesOp","D0106",530.987,535.285,4.298,"op"
"1297","EyesOp","D0106",536.807,539.84,3.03300000000002,"op"
"1298","EyesOp","D0106",547.027,550.383,3.35599999999999,"op"
"1299","EyesOp","D0106",593.106,595.493,2.38700000000006,"op"
"1300","EyesOp","D0106",597.62,598.936,1.31600000000003,"op"
"1301","EyesOp","D0106",599.616,599.942,0.326000000000022,"op"
"1302","EyesOp","D0106",609.522,613.68,4.1579999999999,"op"
"1303","EyesOp","D0106",615.147,622.507,7.3599999999999,"op"
"1304","PausesOp","D0106",323.91,330.906,6.99599999999998,"mute"
"1305","PausesOp","D0106",332.733,333.303,0.569999999999993,"mute"
"1306","PausesOp","D0106",373.476,373.66,0.184000000000026,"mute"
"1307","PausesOp","D0106",378.475,379.3,0.824999999999989,"mute"
"1308","PausesOp","D0106",379.3,379.6,0.300000000000011,"voiced"
"1309","PausesOp","D0106",380.02,382.133,2.113,"mute"
"1310","PausesOp","D0106",384.09,385.15,1.06,"mute"
"1311","PausesOp","D0106",388.62,391.07,2.44999999999999,"mute"
"1312","PausesOp","D0106",391.07,391.55,0.480000000000018,"voiced"
"1313","PausesOp","D0106",391.553,392.9,1.34699999999998,"mute"
"1314","PausesOp","D0106",395.503,395.99,0.487000000000023,"voiced"
"1315","PausesOp","D0106",395.99,396.28,0.289999999999964,"mute"
"1316","PausesOp","D0106",399.37,400.79,1.42000000000002,"mute"
"1317","PausesOp","D0106",404.184,405.357,1.173,"mute"
"1318","PausesOp","D0106",406.172,408.136,1.964,"mute"
"1319","PausesOp","D0106",442.551,443.17,0.619000000000028,"mute"
"1320","PausesOp","D0106",444.48,444.63,0.149999999999977,"mute"
"1321","PausesOp","D0106",445.57,446.33,0.759999999999991,"mute"
"1322","PausesOp","D0106",447.69,448.86,1.17000000000002,"mute"
"1323","PausesOp","D0106",449.48,451.75,2.26999999999998,"mute"
"1324","PausesOp","D0106",453.32,453.64,0.319999999999993,"voiced"
"1325","PausesOp","D0106",453.64,453.93,0.29000000000002,"mute"
"1326","PausesOp","D0106",455.27,455.76,0.490000000000009,"mute"
"1327","PausesOp","D0106",456.2,459.05,2.85000000000002,"mute"
"1328","PausesOp","D0106",459.77,461.72,1.95000000000005,"mute"
"1329","PausesOp","D0106",464.52,466.87,2.35000000000002,"mute"
"1330","PausesOp","D0106",466.87,467.06,0.189999999999998,"voiced"
"1331","PausesOp","D0106",468.897,469.82,0.923000000000002,"mute"
"1332","PausesOp","D0106",470.208,471.68,1.47199999999998,"mute"
"1333","PausesOp","D0106",472.08,472.91,0.830000000000041,"mute"
"1334","PausesOp","D0106",473.17,473.76,0.589999999999975,"mute"
"1335","PausesOp","D0106",474,474.27,0.269999999999982,"mute"
"1336","PausesOp","D0106",516.593,519.793,3.20000000000005,"mute"
"1337","PausesOp","D0106",519.793,521,1.20699999999999,"voiced"
"1338","PausesOp","D0106",521,521.48,0.480000000000018,"mute"
"1339","PausesOp","D0106",524.7,524.96,0.259999999999991,"voiced"
"1340","PausesOp","D0106",525.815,527.25,1.43499999999995,"voiced"
"1341","PausesOp","D0106",527.972,529.11,1.13800000000003,"mute"
"1342","PausesOp","D0106",529.11,529.79,0.67999999999995,"voiced"
"1343","PausesOp","D0106",529.79,530.33,0.540000000000077,"mute"
"1344","PausesOp","D0106",531.45,531.89,0.439999999999941,"mute"
"1345","PausesOp","D0106",531.89,532.316,0.426000000000045,"voiced"
"1346","PausesOp","D0106",532.316,532.51,0.19399999999996,"mute"
"1347","PausesOp","D0106",533.46,534.5,1.03999999999996,"mute"
"1348","PausesOp","D0106",535.359,535.58,0.221000000000004,"mute"
"1349","PausesOp","D0106",536.54,536.7,0.160000000000082,"voiced"
"1350","PausesOp","D0106",537.85,538.08,0.230000000000018,"mute"
"1351","PausesOp","D0106",538.37,538.77,0.399999999999977,"mute"
"1352","PausesOp","D0106",539.33,539.87,0.539999999999964,"mute"
"1353","PausesOp","D0106",540.17,545.09,4.92000000000007,"mute"
"1354","PausesOp","D0106",545.09,545.36,0.269999999999982,"voiced"
"1355","PausesOp","D0106",546.126,546.57,0.444000000000074,"voiced"
"1356","PausesOp","D0106",547.15,549.5,2.35000000000002,"mute"
"1357","PausesOp","D0106",588.435,589.345,0.910000000000082,"mute"
"1358","PausesOp","D0106",589.75,590.51,0.759999999999991,"mute"
"1359","PausesOp","D0106",591.05,591.29,0.240000000000009,"voiced"
"1360","PausesOp","D0106",591.29,591.68,0.389999999999986,"mute"
"1361","PausesOp","D0106",591.83,592.14,0.309999999999945,"voiced"
"1362","PausesOp","D0106",593.91,595.76,1.85000000000002,"mute"
"1363","PausesOp","D0106",595.76,595.97,0.210000000000036,"voiced"
"1364","PausesOp","D0106",597.26,599.87,2.61000000000001,"mute"
"1365","PausesOp","D0106",600.135,601.02,0.884999999999991,"mute"
"1366","PausesOp","D0106",603.01,603.765,0.754999999999995,"mute"
"1367","PausesOp","D0106",604.007,605.62,1.61300000000006,"mute"
"1368","PausesOp","D0106",606.78,607.35,0.57000000000005,"voiced"
"1369","PausesOp","D0106",608.836,609.216,0.379999999999995,"mute"
"1370","PausesOp","D0106",609.216,609.45,0.234000000000037,"voiced"
"1371","PausesOp","D0106",611.75,612.17,0.419999999999959,"mute"
"1372","PausesOp","D0106",612.53,613.88,1.35000000000002,"mute"
"1373","PausesOp","D0106",614.01,614.98,0.970000000000027,"mute"
"1374","PausesOp","D0106",615.68,617.64,1.96000000000004,"mute"
"1375","PausesOp","D0106",618.28,618.87,0.590000000000032,"mute"
"1376","PausesOp","D0106",621.33,622.09,0.759999999999991,"mute"
"1377","EDUop","D0106",330.906,332.423,1.517,"*смех*"
"1378","EDUop","D0106",332.423,336.08,3.65699999999998,"это= это= этим качеством наверное обладаешь ты"
"1379","EDUop","D0106",336.08,336.97,0.890000000000043,"*смех*"
"1380","EDUop","D0106",373.66,375.41,1.75,"в общем этим качеством обладаешь ты"
"1381","EDUop","D0106",375.411,375.97,0.559000000000026,"*смех*"
"1382","EDUop","D0106",375.97,376.82,0.849999999999966,"это когда"
"1383","EDUop","D0106",376.82,378.475,1.65500000000003,"человек такой весь яркий"
"1384","EDUop","D0106",379.3,380.02,0.71999999999997,"(э) нет"
"1385","EDUop","D0106",382.133,383.3,1.16700000000003,"весь такой необычный"
"1386","EDUop","D0106",383.3,384.09,0.789999999999964,"яркий такой"
"1387","EDUop","D0106",385.169,385.55,0.381000000000029,"нет"
"1388","EDUop","D0106",385.55,388.62,3.06999999999999,"*смех*"
"1389","EDUop","D0106",391.07,391.55,0.480000000000018,"(э)"
"1390","EDUop","D0106",392.9,393.83,0.930000000000007,"(э) хорошо"
"1391","EDUop","D0106",393.837,395.99,2.15300000000002,"начало слова это как (э)"
"1392","EDUop","D0106",396.28,397.98,1.70000000000005,"начало слова у мишины"
"1393","EDUop","D0106",397.98,398.956,0.975999999999999,"которая копает "
"1394","EDUop","D0106",398.956,399.37,0.413999999999987,"*смех*"
"1395","EDUop","D0106",400.79,404.184,3.39400000000001,"*смех*"
"1396","EDUop","D0106",405.357,406.172,0.814999999999998,"(неразб.)"
"1397","EDUop","D0106",441.771,442.551,0.779999999999973,"продолжаем"
"1398","EDUop","D0106",443.17,444.48,1.31,"машина у которой есть ковш"
"1399","EDUop","D0106",444.63,445.57,0.939999999999998,"и этим ковшом копает"
"1400","EDUop","D0106",446.33,446.623,0.293000000000006,"да"
"1401","EDUop","D0106",446.623,446.79,0.16700000000003,"вот"
"1402","EDUop","D0106",446.79,447.69,0.899999999999977,"начало слова такое ж=="
"1403","EDUop","D0106",448.86,449.48,0.620000000000005,"почти"
"1404","EDUop","D0106",451.75,452.335,0.58499999999998,"хорошо"
"1405","EDUop","D0106",452.335,452.76,0.425000000000011,"корень"
"1406","EDUop","D0106",452.76,453.64,0.879999999999995,"это вот (э)"
"1407","EDUop","D0106",453.93,454.87,0.939999999999998,"ну в общем где в москве"
"1408","EDUop","D0106",454.87,455.27,0.399999999999977,"кремль"
"1409","EDUop","D0106",455.76,456.2,0.439999999999998,"да"
"1410","EDUop","D0106",459.05,459.77,0.71999999999997,"кто"
"1411","EDUop","D0106",461.72,462.2,0.479999999999961,"ладно"
"1412","EDUop","D0106",462.2,463.85,1.65000000000003,"это чё-то морское такое"
"1413","EDUop","D0106",463.85,464.52,0.669999999999959,"животное"
"1414","EDUop","D0106",466.87,468.897,2.02699999999999,"(э) что г= ещё говорит котик "
"1415","EDUop","D0106",469.82,470.209,0.38900000000001,"нет"
"1416","EDUop","D0106",471.68,472.08,0.399999999999977,"да"
"1417","EDUop","D0106",472.91,473.17,0.259999999999991,"да"
"1418","EDUop","D0106",473.76,474.27,0.509999999999991,"*смех*"
"1419","EDUop","D0106",519.793,522.47,2.67700000000002,"(э) для чая"
"1420","EDUop","D0106",522.47,523.341,0.870999999999981,"такая штука"
"1421","EDUop","D0106",523.341,525.815,2.47400000000005,"чтобы там заварку (э) как-то"
"1422","EDUop","D0106",527.25,527.972,0.72199999999998,"нет"
"1423","EDUop","D0106",529.11,530.51,1.39999999999998,"(э) ...шо"
"1424","EDUop","D0106",530.51,531.45,0.940000000000055,"в песочнице"
"1425","EDUop","D0106",531.89,533.46,1.57000000000005,"(э) чем пользуются"
"1426","EDUop","D0106",534.5,535.35,0.850000000000023,"нет ещё"
"1427","EDUop","D0106",535.582,536.7,1.11800000000005,"когда надо отделить"
"1428","EDUop","D0106",536.7,537.85,1.14999999999998,"мелкий песок от"
"1429","EDUop","D0106",538.08,538.39,0.309999999999945,"крупн== "
"1430","EDUop","D0106",538.77,539.045,0.274999999999977,"да"
"1431","EDUop","D0106",539.045,539.33,0.285000000000082,"и вот"
"1432","EDUop","D0106",539.87,540.17,0.299999999999955,"да"
"1433","EDUop","D0106",545.09,547.15,2.05999999999995,"(э) когда нет (э) короля"
"1434","EDUop","D0106",589.34,589.75,0.409999999999968,"ага"
"1435","EDUop","D0106",590.51,591.29,0.779999999999973,"в общем (э)"
"1436","EDUop","D0106",591.68,591.83,0.150000000000091,"так"
"1437","EDUop","D0106",591.83,593.91,2.07999999999993,"(э) когда нет власти никакой "
"1438","EDUop","D0106",595.76,597.26,1.5,"(а) только другой суффикс"
"1439","EDUop","D0106",599.87,600.135,0.264999999999986,"да"
"1440","EDUop","D0106",601.02,601.26,0.240000000000009,"а"
"1441","EDUop","D0106",601.26,601.56,0.299999999999955,"ой"
"1442","EDUop","D0106",601.56,602.7,1.1400000000001,"это наверное не про то"
"1443","EDUop","D0106",602.7,603.01,0.309999999999945,"но ладно"
"1444","EDUop","D0106",603.765,604.007,0.241999999999962,"ой"
"1445","EDUop","D0106",605.62,606.78,1.15999999999997,"*смех*"
"1446","EDUop","D0106",606.78,608.83,2.05000000000007,"(а) такая тарелка"
"1447","EDUop","D0106",609.216,611.29,2.07399999999996,"для того чтоб там жидкое"
"1448","EDUop","D0106",611.29,611.75,0.460000000000036,"такое блю=="
"1449","EDUop","D0106",612.17,612.53,0.360000000000014,"нет"
"1450","EDUop","D0106",613.88,614.01,0.129999999999995,"так=="
"1451","EDUop","D0106",614.98,615.68,0.699999999999932,"ну вот борщ"
"1452","EDUop","D0106",617.64,618.28,0.639999999999986,"для борща"
"1453","EDUop","D0106",618.87,620.54,1.66999999999996,"*смех*"
"1454","EDUop","D0106",620.54,621.33,0.790000000000077,"борщ это что"
